object_id,name,object_type,aggregate_id,persistence_strategy,table_name,primary_key,lifecycle_id,state_fields
OBJ-001,用户,AGGREGATE_ROOT,AGG-001,TABLE,atp_user,user_id,LC-001,lifecycle_status
OBJ-002,内置admin用户,AGGREGATE_MEMBER,AGG-001,TABLE,atp_admin,admin_id,LC-002,lifecycle_status
OBJ-003,角色,AGGREGATE_ROOT,AGG-002,TABLE,atp_role,role_id,LC-003,lifecycle_status
OBJ-004,SUPER_ADMIN角色,AGGREGATE_MEMBER,AGG-002,TABLE,atp_entity_super_admin_role,entity_super_admin_role_id,LC-004,lifecycle_status
OBJ-005,权限点,AGGREGATE_MEMBER,AGG-002,TABLE,atp_permission_code,permission_code_id,LC-005,lifecycle_status
OBJ-006,数据范围,VALUE_OBJECT,AGG-002,EMBEDDED_VALUE,,,LC-006,lifecycle_status
OBJ-007,项目,AGGREGATE_ROOT,AGG-003,TABLE,atp_project,project_id,LC-007,lifecycle_status
OBJ-008,项目成员,RELATIONSHIP_ENTITY,AGG-003,TABLE,atp_project_member,project_member_id,LC-008,lifecycle_status
OBJ-009,环境,AGGREGATE_ROOT,AGG-004,TABLE,atp_environment,environment_id,LC-009,lifecycle_status|enablement_state|accessibility_state
OBJ-010,业务模块,AGGREGATE_MEMBER,AGG-003,TABLE,atp_business_module,business_module_id,LC-010,lifecycle_status
OBJ-011,业务终端,CONFIGURATION_ENTITY,AGG-004,TABLE,atp_business_terminal,business_terminal_id,LC-011,lifecycle_status
OBJ-012,环境终端访问配置修订,VERSION_ENTITY,AGG-004,TABLE,atp_environment_terminal_access_revision,environment_terminal_access_revision_id,LC-012,lifecycle_status
OBJ-013,测试账号,AGGREGATE_ROOT,AGG-005,TABLE,atp_test_account,test_account_id,LC-013,lifecycle_status|credential_state
OBJ-014,凭证版本,VERSION_ENTITY,AGG-005,TABLE,atp_credential_revision,credential_revision_id,LC-014,lifecycle_status
OBJ-015,账号映射修订,VERSION_ENTITY,AGG-005,TABLE,atp_account_mapping_revision,account_mapping_revision_id,LC-015,lifecycle_status
OBJ-016,SSO身份,AGGREGATE_MEMBER,AGG-005,TABLE,atp_sso_identity,sso_identity_id,LC-016,lifecycle_status
OBJ-017,登录验证资格,AGGREGATE_MEMBER,AGG-005,TABLE,atp_login_qualification,login_qualification_id,LC-017,lifecycle_status
OBJ-018,数据类型,CONFIGURATION_ENTITY,AGG-006,TABLE,atp_test_data_type,test_data_type_id,LC-018,lifecycle_status
OBJ-019,测试数据资源,AGGREGATE_ROOT,AGG-006,TABLE,atp_test_data_resource,test_data_resource_id,LC-019,lifecycle_status
OBJ-020,数据操作任务,AGGREGATE_ROOT,AGG-007,TABLE,atp_data_operation_task,data_operation_task_id,LC-020,lifecycle_status
OBJ-021,自然语言用例,AGGREGATE_ROOT,AGG-008,TABLE,atp_natural_language_case,natural_language_case_id,LC-021,lifecycle_status
OBJ-022,标准结构用例,AGGREGATE_ROOT,AGG-009,TABLE,atp_standard_case,standard_case_id,LC-022,lifecycle_status
OBJ-023,用例版本,VERSION_ENTITY,AGG-009,TABLE,atp_case_version,case_version_id,LC-023,lifecycle_status
OBJ-024,用例套件,AGGREGATE_ROOT,AGG-010,TABLE,atp_case_suite,case_suite_id,LC-024,lifecycle_status
OBJ-025,业务流程模板,AGGREGATE_ROOT,AGG-011,TABLE,atp_business_flow_template,business_flow_template_id,LC-025,lifecycle_status
OBJ-026,跨端编排,AGGREGATE_MEMBER,AGG-011,TABLE,atp_cross_terminal_orchestration,cross_terminal_orchestration_id,LC-026,lifecycle_status
OBJ-027,AI页面探索,AGGREGATE_ROOT,AGG-012,TABLE,atp_page_exploration,page_exploration_id,LC-027,lifecycle_status
OBJ-028,结构转换,DOMAIN_SERVICE,,SERVICE_OR_EXTERNAL_NOT_PERSISTED,,,LC-028,lifecycle_status
OBJ-029,AI验证,DOMAIN_SERVICE,,SERVICE_OR_EXTERNAL_NOT_PERSISTED,,,LC-029,lifecycle_status
OBJ-030,人工录制任务,AGGREGATE_ROOT,AGG-013,TABLE,atp_manual_recording_task,manual_recording_task_id,LC-030,status|lifecycle_status
OBJ-031,人工录制会话,EXECUTION_ENTITY,AGG-013,TABLE,atp_manual_recording_session,manual_recording_session_id,LC-031,status|lifecycle_status
OBJ-032,录制控制租约,RELATIONSHIP_ENTITY,AGG-013,TABLE,atp_manual_recording_control_lease,manual_recording_control_lease_id,LC-032,lifecycle_status
OBJ-033,录制证据包,ARTIFACT_ENTITY,AGG-013,TABLE,atp_recording_evidence_bundle,recording_evidence_bundle_id,LC-033,lifecycle_status
OBJ-034,占位符,VALUE_OBJECT,AGG-013,EMBEDDED_VALUE,,,LC-034,lifecycle_status
OBJ-035,执行任务,AGGREGATE_ROOT,AGG-014,TABLE,atp_run_task,run_task_id,LC-035,lifecycle_status|task_state|final_result
OBJ-036,执行尝试,EXECUTION_ENTITY,AGG-014,TABLE,atp_execution_attempt,execution_attempt_id,LC-036,execution_status|finalization_status|lifecycle_status
OBJ-037,用例尝试,EXECUTION_ENTITY,AGG-014,TABLE,atp_case_attempt,case_attempt_id,LC-037,result_status|lifecycle_status
OBJ-038,执行计划,AGGREGATE_ROOT,AGG-015,TABLE,atp_execution_plan,execution_plan_id,LC-038,lifecycle_status
OBJ-039,执行计划修订,VERSION_ENTITY,AGG-015,TABLE,atp_execution_plan_revision,execution_plan_revision_id,LC-039,lifecycle_status
OBJ-040,触发规则,CONFIGURATION_ENTITY,AGG-015,TABLE,atp_trigger_rule,trigger_rule_id,LC-040,lifecycle_status
OBJ-041,派发决策,DERIVED_OBJECT,AGG-014,SERVICE_OR_EXTERNAL_NOT_PERSISTED,,,LC-041,lifecycle_status
OBJ-042,执行锁,RELATIONSHIP_ENTITY,AGG-016,TABLE,atp_execution_lock,execution_lock_id,LC-042,lifecycle_status
OBJ-043,租约,AGGREGATE_ROOT,AGG-016,TABLE,atp_lease,lease_id,LC-043,status|lifecycle_status
OBJ-044,隔离令牌,VALUE_OBJECT,AGG-016,EMBEDDED_VALUE,,,LC-044,lifecycle_status
OBJ-045,重试策略,DOMAIN_POLICY,,SERVICE_OR_EXTERNAL_NOT_PERSISTED,,,LC-045,lifecycle_status
OBJ-046,恢复动作,DOMAIN_SERVICE,,SERVICE_OR_EXTERNAL_NOT_PERSISTED,,,LC-046,lifecycle_status
OBJ-047,自动化资产,AGGREGATE_ROOT,AGG-017,TABLE,atp_automation_asset,automation_asset_id,LC-047,lifecycle_status
OBJ-048,登录策略,CONFIGURATION_ENTITY,AGG-017,TABLE,atp_login_strategy,login_strategy_id,LC-048,lifecycle_status
OBJ-049,页面对象,CONFIGURATION_ENTITY,AGG-017,TABLE,atp_page_object,page_object_id,LC-049,lifecycle_status
OBJ-050,动作资产,CONFIGURATION_ENTITY,AGG-017,TABLE,atp_action_asset,action_asset_id,LC-050,lifecycle_status
OBJ-051,断言资产,CONFIGURATION_ENTITY,AGG-017,TABLE,atp_assertion_asset,assertion_asset_id,LC-051,lifecycle_status
OBJ-052,Runner,AGGREGATE_ROOT,AGG-018,TABLE,atp_runner,runner_id,LC-052,health_status|scheduling_status|registration_state|authentication_state|connection_state|health_state|enablement_state|binding_state|scheduling_state|resource_state|lifecycle_status
OBJ-053,Runner能力,CONFIGURATION_ENTITY,AGG-018,TABLE,atp_runner_capability,runner_capability_id,LC-053,lifecycle_status
OBJ-054,Runner项目绑定,RELATIONSHIP_ENTITY,AGG-018,TABLE,atp_runner_project_binding,runner_project_binding_id,LC-054,lifecycle_status
OBJ-055,执行槽位,CONFIGURATION_ENTITY,AGG-018,TABLE,atp_execution_slot,execution_slot_id,LC-055,lifecycle_status
OBJ-056,上下文变量,AGGREGATE_MEMBER,AGG-014,TABLE,atp_context_variable,context_variable_id,LC-056,lifecycle_status
OBJ-057,模型供应商,EXTERNAL_REFERENCE,AGG-019,SERVICE_OR_EXTERNAL_NOT_PERSISTED,,,LC-057,lifecycle_status
OBJ-058,模型配置,AGGREGATE_ROOT,AGG-019,TABLE,atp_model_config,model_config_id,LC-058,lifecycle_status
OBJ-059,Prompt修订,VERSION_ENTITY,AGG-019,TABLE,atp_prompt_revision,prompt_revision_id,LC-059,lifecycle_status
OBJ-060,AI调用,EXECUTION_ENTITY,AGG-020,TABLE,atp_ai_call,ai_call_id,LC-060,lifecycle_status
OBJ-061,AI任务,AGGREGATE_ROOT,AGG-020,TABLE,atp_ai_task,ai_task_id,LC-061,status|lifecycle_status
OBJ-062,AI结果,AGGREGATE_MEMBER,AGG-020,TABLE,atp_ai_result,ai_result_id,LC-062,status|lifecycle_status
OBJ-063,人工决定,AGGREGATE_MEMBER,AGG-020,TABLE,atp_human_decision,human_decision_id,LC-063,lifecycle_status
OBJ-064,任务结果,DERIVED_OBJECT,AGG-021,SERVICE_OR_EXTERNAL_NOT_PERSISTED,,,LC-064,lifecycle_status
OBJ-065,用例结果,DERIVED_OBJECT,AGG-021,SERVICE_OR_EXTERNAL_NOT_PERSISTED,,,LC-065,lifecycle_status
OBJ-066,报告生成请求,EXECUTION_ENTITY,AGG-021,TABLE,atp_test_report_generation_request,test_report_generation_request_id,LC-066,status|lifecycle_status
OBJ-067,测试报告,AGGREGATE_ROOT,AGG-021,TABLE,atp_test_report,test_report_id,LC-067,status|report_state|lifecycle_status
OBJ-068,测试制品,ARTIFACT_ENTITY,AGG-021,TABLE,atp_test_artifact,test_artifact_id,LC-068,lifecycle_status|upload_state|retention_state|cleanup_state
OBJ-069,技术告警,AGGREGATE_ROOT,AGG-022,TABLE,atp_technical_alert,technical_alert_id,LC-069,lifecycle_status
OBJ-070,集成组件,AGGREGATE_ROOT,AGG-023,TABLE,atp_integration_component,integration_component_id,LC-070,lifecycle_status
OBJ-071,Adapter,DOMAIN_SERVICE,AGG-023,SERVICE_OR_EXTERNAL_NOT_PERSISTED,,,LC-071,lifecycle_status
OBJ-072,平台技术事件,DOMAIN_EVENT,AGG-023,SERVICE_OR_EXTERNAL_NOT_PERSISTED,,,LC-072,lifecycle_status
OBJ-073,异常原因码,VALUE_OBJECT,,EMBEDDED_VALUE,,,LC-073,lifecycle_status
OBJ-074,Secret,EXTERNAL_REFERENCE,,SERVICE_OR_EXTERNAL_NOT_PERSISTED,,,LC-074,lifecycle_status
OBJ-075,脱敏,DOMAIN_POLICY,,SERVICE_OR_EXTERNAL_NOT_PERSISTED,,,LC-075,lifecycle_status
OBJ-076,系统参数,AGGREGATE_ROOT,AGG-024,TABLE,atp_system_parameter,system_parameter_id,LC-076,lifecycle_status
OBJ-077,数据字典,AGGREGATE_ROOT,AGG-025,TABLE,atp_data_dictionary,data_dictionary_id,LC-077,lifecycle_status
OBJ-078,配置快照,SNAPSHOT,AGG-014,TABLE,atp_configuration_snapshot,configuration_snapshot_id,LC-078,lifecycle_status
OBJ-079,审计日志,AGGREGATE_ROOT,AGG-026,TABLE,atp_audit_log,audit_log_id,LC-079,lifecycle_status
OBJ-080,事件链,DERIVED_OBJECT,AGG-026,SERVICE_OR_EXTERNAL_NOT_PERSISTED,,,LC-080,lifecycle_status
OBJ-081,保留策略,AGGREGATE_ROOT,AGG-027,TABLE,atp_retention_policy,retention_policy_id,LC-081,lifecycle_status
OBJ-082,保留冻结,RELATIONSHIP_ENTITY,AGG-027,TABLE,atp_legal_hold,legal_hold_id,LC-082,lifecycle_status
OBJ-083,受控清理请求,AGGREGATE_ROOT,AGG-028,TABLE,atp_controlled_purge_request,controlled_purge_request_id,LC-083,lifecycle_status
OBJ-084,技术告警接入端点,AGGREGATE_ROOT,AGG-029,TABLE,atp_technical_alert_endpoint,technical_alert_endpoint_id,LC-084,lifecycle_status
OBJ-085,平台设计基线发布,AGGREGATE_ROOT,AGG-030,TABLE,atp_platform_design_baseline_release,platform_design_baseline_release_id,LC-085,release_status|readiness_status|lifecycle_status
OBJ-086,AI候选修订,VERSION_ENTITY,AGG-020,TABLE,atp_ai_candidate_revision,ai_candidate_revision_id,LC-086,lifecycle_status
OBJ-087,角色绑定,RELATIONSHIP_ENTITY,AGG-001,TABLE,atp_role_binding,role_binding_id,LC-087,lifecycle_status
OBJ-088,技术告警接入批次,EXECUTION_ENTITY,AGG-029,TABLE,atp_technical_alert_ingestion_batch,technical_alert_ingestion_batch_id,LC-088,lifecycle_status
OBJ-089,Runner Agent,AGGREGATE_MEMBER,AGG-018,TABLE,atp_runner_agent,runner_agent_id,LC-089,lifecycle_status
OBJ-090,Runner执行机,EXTERNAL_REFERENCE,AGG-018,SERVICE_OR_EXTERNAL_NOT_PERSISTED,,,LC-090,lifecycle_status
OBJ-091,执行批次,EXECUTION_ENTITY,AGG-014,TABLE,atp_execution_batch,execution_batch_id,LC-091,lifecycle_status
OBJ-092,用例步骤,AGGREGATE_MEMBER,AGG-009,TABLE,atp_case_step,case_step_id,LC-092,lifecycle_status
OBJ-093,用例套件项,RELATIONSHIP_ENTITY,AGG-010,TABLE,atp_case_suite_item,case_suite_item_id,LC-093,lifecycle_status
OBJ-094,执行上下文,AGGREGATE_MEMBER,AGG-014,TABLE,atp_execution_context,execution_context_id,LC-094,lifecycle_status
OBJ-095,浏览器会话,EXTERNAL_REFERENCE,,SERVICE_OR_EXTERNAL_NOT_PERSISTED,,,LC-095,lifecycle_status
OBJ-096,项目执行配置,CONFIGURATION_ENTITY,AGG-003,TABLE,atp_project_execution_configuration,project_execution_configuration_id,LC-096,lifecycle_status
