mapping_id,role_id,permission_id,permission_code,decision,data_scope,conditions
RPM-R3-0001,ROLE-SUPER-ADMIN,TERM-PER-001,PROJECT_VIEW,ALLOWED,平台全部active数据和依法保留的history数据；高风险操作仍必须审计。,仍受数据范围、对象状态和接口鉴权约束
RPM-R3-0002,ROLE-SUPER-ADMIN,TERM-PER-002,PROJECT_CREATE,ALLOWED,平台全部active数据和依法保留的history数据；高风险操作仍必须审计。,仍受数据范围、对象状态和接口鉴权约束
RPM-R3-0003,ROLE-SUPER-ADMIN,TERM-PER-003,PROJECT_EDIT,ALLOWED,平台全部active数据和依法保留的history数据；高风险操作仍必须审计。,仍受数据范围、对象状态和接口鉴权约束
RPM-R3-0004,ROLE-SUPER-ADMIN,TERM-PER-004,PROJECT_ARCHIVE,ALLOWED,平台全部active数据和依法保留的history数据；高风险操作仍必须审计。,仍受数据范围、对象状态和接口鉴权约束
RPM-R3-0005,ROLE-SUPER-ADMIN,TERM-PER-005,BUSINESS_MODULE_VIEW,ALLOWED,平台全部active数据和依法保留的history数据；高风险操作仍必须审计。,仍受数据范围、对象状态和接口鉴权约束
RPM-R3-0006,ROLE-SUPER-ADMIN,TERM-PER-006,BUSINESS_MODULE_CREATE,ALLOWED,平台全部active数据和依法保留的history数据；高风险操作仍必须审计。,仍受数据范围、对象状态和接口鉴权约束
RPM-R3-0007,ROLE-SUPER-ADMIN,TERM-PER-007,BUSINESS_MODULE_EDIT,ALLOWED,平台全部active数据和依法保留的history数据；高风险操作仍必须审计。,仍受数据范围、对象状态和接口鉴权约束
RPM-R3-0008,ROLE-SUPER-ADMIN,TERM-PER-008,BUSINESS_MODULE_ARCHIVE,ALLOWED,平台全部active数据和依法保留的history数据；高风险操作仍必须审计。,仍受数据范围、对象状态和接口鉴权约束
RPM-R3-0009,ROLE-SUPER-ADMIN,TERM-PER-009,BUSINESS_TERMINAL_VIEW,ALLOWED,平台全部active数据和依法保留的history数据；高风险操作仍必须审计。,仍受数据范围、对象状态和接口鉴权约束
RPM-R3-0010,ROLE-SUPER-ADMIN,TERM-PER-010,BUSINESS_TERMINAL_CREATE,ALLOWED,平台全部active数据和依法保留的history数据；高风险操作仍必须审计。,仍受数据范围、对象状态和接口鉴权约束
RPM-R3-0011,ROLE-SUPER-ADMIN,TERM-PER-011,BUSINESS_TERMINAL_EDIT,ALLOWED,平台全部active数据和依法保留的history数据；高风险操作仍必须审计。,仍受数据范围、对象状态和接口鉴权约束
RPM-R3-0012,ROLE-SUPER-ADMIN,TERM-PER-012,BUSINESS_TERMINAL_ARCHIVE,ALLOWED,平台全部active数据和依法保留的history数据；高风险操作仍必须审计。,仍受数据范围、对象状态和接口鉴权约束
RPM-R3-0013,ROLE-SUPER-ADMIN,TERM-PER-013,CASE_SUITE_VIEW,ALLOWED,平台全部active数据和依法保留的history数据；高风险操作仍必须审计。,仍受数据范围、对象状态和接口鉴权约束
RPM-R3-0014,ROLE-SUPER-ADMIN,TERM-PER-014,CASE_SUITE_CREATE,ALLOWED,平台全部active数据和依法保留的history数据；高风险操作仍必须审计。,仍受数据范围、对象状态和接口鉴权约束
RPM-R3-0015,ROLE-SUPER-ADMIN,TERM-PER-015,CASE_SUITE_EDIT,ALLOWED,平台全部active数据和依法保留的history数据；高风险操作仍必须审计。,仍受数据范围、对象状态和接口鉴权约束
RPM-R3-0016,ROLE-SUPER-ADMIN,TERM-PER-016,RUN_TASK_CREATE,ALLOWED,平台全部active数据和依法保留的history数据；高风险操作仍必须审计。,仍受数据范围、对象状态和接口鉴权约束
RPM-R3-0017,ROLE-SUPER-ADMIN,TERM-PER-017,RUN_TASK_CANCEL,ALLOWED,平台全部active数据和依法保留的history数据；高风险操作仍必须审计。,仍受数据范围、对象状态和接口鉴权约束
RPM-R3-0018,ROLE-SUPER-ADMIN,TERM-PER-018,REPORT_VIEW,ALLOWED,平台全部active数据和依法保留的history数据；高风险操作仍必须审计。,仍受数据范围、对象状态和接口鉴权约束
RPM-R3-0019,ROLE-SUPER-ADMIN,TERM-PER-019,ARTIFACT_DOWNLOAD,ALLOWED,平台全部active数据和依法保留的history数据；高风险操作仍必须审计。,仍受数据范围、对象状态和接口鉴权约束
RPM-R3-0020,ROLE-SUPER-ADMIN,TERM-PER-020,AUDIT_VIEW,ALLOWED,平台全部active数据和依法保留的history数据；高风险操作仍必须审计。,仍受数据范围、对象状态和接口鉴权约束
RPM-R3-0021,ROLE-SUPER-ADMIN,TERM-PER-021,USER_CREATE,ALLOWED,平台全部active数据和依法保留的history数据；高风险操作仍必须审计。,仍受数据范围、对象状态和接口鉴权约束
RPM-R3-0022,ROLE-SUPER-ADMIN,TERM-PER-022,ROLE_BIND,ALLOWED,平台全部active数据和依法保留的history数据；高风险操作仍必须审计。,仍受数据范围、对象状态和接口鉴权约束
RPM-R3-0023,ROLE-SUPER-ADMIN,TERM-PER-023,PROJECT_MEMBER_MANAGE,ALLOWED,平台全部active数据和依法保留的history数据；高风险操作仍必须审计。,仍受数据范围、对象状态和接口鉴权约束
RPM-R3-0024,ROLE-SUPER-ADMIN,TERM-PER-024,AI_TASK_CREATE,ALLOWED,平台全部active数据和依法保留的history数据；高风险操作仍必须审计。,仍受数据范围、对象状态和接口鉴权约束
RPM-R3-0025,ROLE-SUPER-ADMIN,TERM-PER-025,MANUAL_RECORDING_CREATE,ALLOWED,平台全部active数据和依法保留的history数据；高风险操作仍必须审计。,仍受数据范围、对象状态和接口鉴权约束
RPM-R3-0026,ROLE-SUPER-ADMIN,TERM-PER-026,CONTROL_SELF,ALLOWED,平台全部active数据和依法保留的history数据；高风险操作仍必须审计。,仍受数据范围、对象状态和接口鉴权约束
RPM-R3-0027,ROLE-SUPER-ADMIN,TERM-PER-027,PROJECT_OWNER_ELIGIBLE,ALLOWED,平台全部active数据和依法保留的history数据；高风险操作仍必须审计。,仍受数据范围、对象状态和接口鉴权约束
RPM-R3-0028,ROLE-SUPER-ADMIN,TERM-PER-028,NATURAL_CASE_CREATE,ALLOWED,平台全部active数据和依法保留的history数据；高风险操作仍必须审计。,仍受数据范围、对象状态和接口鉴权约束
RPM-R3-0029,ROLE-SUPER-ADMIN,TERM-PER-029,MANUAL_RECORDING_VIEW,ALLOWED,平台全部active数据和依法保留的history数据；高风险操作仍必须审计。,仍受数据范围、对象状态和接口鉴权约束
RPM-R3-0030,ROLE-SUPER-ADMIN,TERM-PER-030,RUNNER_REGISTER,ALLOWED,平台全部active数据和依法保留的history数据；高风险操作仍必须审计。,仍受数据范围、对象状态和接口鉴权约束
RPM-R3-0031,ROLE-SUPER-ADMIN,TERM-PER-031,RUNNER_BIND,ALLOWED,平台全部active数据和依法保留的history数据；高风险操作仍必须审计。,仍受数据范围、对象状态和接口鉴权约束
RPM-R3-0032,ROLE-SUPER-ADMIN,TERM-PER-032,MODEL_CONFIGURATION_MANAGE,ALLOWED,平台全部active数据和依法保留的history数据；高风险操作仍必须审计。,仍受数据范围、对象状态和接口鉴权约束
RPM-R3-0033,ROLE-SUPER-ADMIN,TERM-PER-033,MODEL_VERSION_REVIEW,ALLOWED,平台全部active数据和依法保留的history数据；高风险操作仍必须审计。,仍受数据范围、对象状态和接口鉴权约束
RPM-R3-0034,ROLE-SUPER-ADMIN,TERM-PER-034,CROSS_PROJECT_AUTHORIZATION_MANAGE,ALLOWED,平台全部active数据和依法保留的history数据；高风险操作仍必须审计。,仍受数据范围、对象状态和接口鉴权约束
RPM-R3-0035,ROLE-SUPER-ADMIN,TERM-PER-035,CROSS_PROJECT_AUTHORIZATION_GRANT_ALL,ALLOWED,平台全部active数据和依法保留的history数据；高风险操作仍必须审计。,强制二次确认、填写原因、写入不可变审计；不得向其他主体分配SUPER_ADMIN；仍执行敏感数据和对象状态校验
RPM-R3-0036,ROLE-SUPER-ADMIN,TERM-PER-036,TOOL_INTEGRATION_INCIDENT_MANAGE,ALLOWED,平台全部active数据和依法保留的history数据；高风险操作仍必须审计。,仍受数据范围、对象状态和接口鉴权约束
RPM-R3-0037,ROLE-SUPER-ADMIN,TERM-PER-037,TECHNICAL_ALERT_ENDPOINT_MANAGE,ALLOWED,平台全部active数据和依法保留的history数据；高风险操作仍必须审计。,仍受数据范围、对象状态和接口鉴权约束
RPM-R3-0038,ROLE-SUPER-ADMIN,TERM-PER-038,VERSION_REVIEW_VIEW,ALLOWED,平台全部active数据和依法保留的history数据；高风险操作仍必须审计。,提交人不得批准本人提交；高风险操作必须审计
RPM-R3-0039,ROLE-SUPER-ADMIN,TERM-PER-039,TEST_REPORT_VIEW,ALLOWED,平台全部active数据和依法保留的history数据；高风险操作仍必须审计。,仍受数据范围、对象状态和接口鉴权约束
RPM-R3-0040,ROLE-SUPER-ADMIN,TERM-PER-040,TEST_ARTIFACT_VIEW,ALLOWED,平台全部active数据和依法保留的history数据；高风险操作仍必须审计。,仍受数据范围、对象状态和接口鉴权约束
RPM-R3-0041,ROLE-SUPER-ADMIN,TERM-PER-041,REPORT_SHARE_VIEW,ALLOWED,平台全部active数据和依法保留的history数据；高风险操作仍必须审计。,仍受数据范围、对象状态和接口鉴权约束
RPM-R3-0042,ROLE-SUPER-ADMIN,TERM-PER-042,MANUAL_RECORDING_TASK_VIEW,ALLOWED,平台全部active数据和依法保留的history数据；高风险操作仍必须审计。,仍受数据范围、对象状态和接口鉴权约束
RPM-R3-0043,ROLE-SUPER-ADMIN,PDBR-PER-001,REPORT_EXPORT,ALLOWED,平台全部active数据和依法保留的history数据；高风险操作仍必须审计。,仍受数据范围、对象状态和接口鉴权约束
RPM-R3-0044,ROLE-SUPER-ADMIN,PDBR-PER-002,REPORT_SHARE,ALLOWED,平台全部active数据和依法保留的history数据；高风险操作仍必须审计。,仍受数据范围、对象状态和接口鉴权约束
RPM-R3-0045,ROLE-SUPER-ADMIN,PDBR-PER-003,SENSITIVE_ARTIFACT_VIEW,ALLOWED,平台全部active数据和依法保留的history数据；高风险操作仍必须审计。,仍受数据范围、对象状态和接口鉴权约束
RPM-R3-0046,ROLE-SUPER-ADMIN,PDBR-PER-004,VERSION_REVIEW_SUBMIT,ALLOWED,平台全部active数据和依法保留的history数据；高风险操作仍必须审计。,提交人不得批准本人提交；高风险操作必须审计
RPM-R3-0047,ROLE-SUPER-ADMIN,PDBR-PER-005,VERSION_REVIEW_APPROVE,ALLOWED,平台全部active数据和依法保留的history数据；高风险操作仍必须审计。,提交人不得批准本人提交；高风险操作必须审计
RPM-R3-0048,ROLE-SUPER-ADMIN,PDBR-PER-006,VERSION_REVIEW_REJECT,ALLOWED,平台全部active数据和依法保留的history数据；高风险操作仍必须审计。,提交人不得批准本人提交；高风险操作必须审计
RPM-R3-0049,ROLE-SUPER-ADMIN,PDBR-PER-007,VERSION_PUBLISH,ALLOWED,平台全部active数据和依法保留的history数据；高风险操作仍必须审计。,提交人不得批准本人提交；高风险操作必须审计
RPM-R3-0050,ROLE-SUPER-ADMIN,PDBR-PER-008,VERSION_REVIEW_WITHDRAW,ALLOWED,平台全部active数据和依法保留的history数据；高风险操作仍必须审计。,提交人不得批准本人提交；高风险操作必须审计
RPM-R3-0051,ROLE-PLATFORM-ADMIN,TERM-PER-001,PROJECT_VIEW,ALLOWED,平台技术数据；项目业务数据按明确项目ID或附加CROSS_PROJECT_AUTHORIZATION_GRANT_ALL权限获得,仍受数据范围、对象状态和接口鉴权约束
RPM-R3-0052,ROLE-PLATFORM-ADMIN,TERM-PER-002,PROJECT_CREATE,ALLOWED,平台技术数据；项目业务数据按明确项目ID或附加CROSS_PROJECT_AUTHORIZATION_GRANT_ALL权限获得,仍受数据范围、对象状态和接口鉴权约束
RPM-R3-0053,ROLE-PLATFORM-ADMIN,TERM-PER-003,PROJECT_EDIT,DENIED,平台技术数据；项目业务数据按明确项目ID或附加CROSS_PROJECT_AUTHORIZATION_GRANT_ALL权限获得,仍受数据范围、对象状态和接口鉴权约束
RPM-R3-0054,ROLE-PLATFORM-ADMIN,TERM-PER-004,PROJECT_ARCHIVE,DENIED,平台技术数据；项目业务数据按明确项目ID或附加CROSS_PROJECT_AUTHORIZATION_GRANT_ALL权限获得,仍受数据范围、对象状态和接口鉴权约束
RPM-R3-0055,ROLE-PLATFORM-ADMIN,TERM-PER-005,BUSINESS_MODULE_VIEW,DENIED,平台技术数据；项目业务数据按明确项目ID或附加CROSS_PROJECT_AUTHORIZATION_GRANT_ALL权限获得,仍受数据范围、对象状态和接口鉴权约束
RPM-R3-0056,ROLE-PLATFORM-ADMIN,TERM-PER-006,BUSINESS_MODULE_CREATE,DENIED,平台技术数据；项目业务数据按明确项目ID或附加CROSS_PROJECT_AUTHORIZATION_GRANT_ALL权限获得,仍受数据范围、对象状态和接口鉴权约束
RPM-R3-0057,ROLE-PLATFORM-ADMIN,TERM-PER-007,BUSINESS_MODULE_EDIT,DENIED,平台技术数据；项目业务数据按明确项目ID或附加CROSS_PROJECT_AUTHORIZATION_GRANT_ALL权限获得,仍受数据范围、对象状态和接口鉴权约束
RPM-R3-0058,ROLE-PLATFORM-ADMIN,TERM-PER-008,BUSINESS_MODULE_ARCHIVE,DENIED,平台技术数据；项目业务数据按明确项目ID或附加CROSS_PROJECT_AUTHORIZATION_GRANT_ALL权限获得,仍受数据范围、对象状态和接口鉴权约束
RPM-R3-0059,ROLE-PLATFORM-ADMIN,TERM-PER-009,BUSINESS_TERMINAL_VIEW,DENIED,平台技术数据；项目业务数据按明确项目ID或附加CROSS_PROJECT_AUTHORIZATION_GRANT_ALL权限获得,仍受数据范围、对象状态和接口鉴权约束
RPM-R3-0060,ROLE-PLATFORM-ADMIN,TERM-PER-010,BUSINESS_TERMINAL_CREATE,DENIED,平台技术数据；项目业务数据按明确项目ID或附加CROSS_PROJECT_AUTHORIZATION_GRANT_ALL权限获得,仍受数据范围、对象状态和接口鉴权约束
RPM-R3-0061,ROLE-PLATFORM-ADMIN,TERM-PER-011,BUSINESS_TERMINAL_EDIT,DENIED,平台技术数据；项目业务数据按明确项目ID或附加CROSS_PROJECT_AUTHORIZATION_GRANT_ALL权限获得,仍受数据范围、对象状态和接口鉴权约束
RPM-R3-0062,ROLE-PLATFORM-ADMIN,TERM-PER-012,BUSINESS_TERMINAL_ARCHIVE,DENIED,平台技术数据；项目业务数据按明确项目ID或附加CROSS_PROJECT_AUTHORIZATION_GRANT_ALL权限获得,仍受数据范围、对象状态和接口鉴权约束
RPM-R3-0063,ROLE-PLATFORM-ADMIN,TERM-PER-013,CASE_SUITE_VIEW,DENIED,平台技术数据；项目业务数据按明确项目ID或附加CROSS_PROJECT_AUTHORIZATION_GRANT_ALL权限获得,仍受数据范围、对象状态和接口鉴权约束
RPM-R3-0064,ROLE-PLATFORM-ADMIN,TERM-PER-014,CASE_SUITE_CREATE,DENIED,平台技术数据；项目业务数据按明确项目ID或附加CROSS_PROJECT_AUTHORIZATION_GRANT_ALL权限获得,仍受数据范围、对象状态和接口鉴权约束
RPM-R3-0065,ROLE-PLATFORM-ADMIN,TERM-PER-015,CASE_SUITE_EDIT,DENIED,平台技术数据；项目业务数据按明确项目ID或附加CROSS_PROJECT_AUTHORIZATION_GRANT_ALL权限获得,仍受数据范围、对象状态和接口鉴权约束
RPM-R3-0066,ROLE-PLATFORM-ADMIN,TERM-PER-016,RUN_TASK_CREATE,DENIED,平台技术数据；项目业务数据按明确项目ID或附加CROSS_PROJECT_AUTHORIZATION_GRANT_ALL权限获得,仍受数据范围、对象状态和接口鉴权约束
RPM-R3-0067,ROLE-PLATFORM-ADMIN,TERM-PER-017,RUN_TASK_CANCEL,DENIED,平台技术数据；项目业务数据按明确项目ID或附加CROSS_PROJECT_AUTHORIZATION_GRANT_ALL权限获得,仍受数据范围、对象状态和接口鉴权约束
RPM-R3-0068,ROLE-PLATFORM-ADMIN,TERM-PER-018,REPORT_VIEW,ALLOWED,平台技术数据；项目业务数据按明确项目ID或附加CROSS_PROJECT_AUTHORIZATION_GRANT_ALL权限获得,仍受数据范围、对象状态和接口鉴权约束
RPM-R3-0069,ROLE-PLATFORM-ADMIN,TERM-PER-019,ARTIFACT_DOWNLOAD,DENIED,平台技术数据；项目业务数据按明确项目ID或附加CROSS_PROJECT_AUTHORIZATION_GRANT_ALL权限获得,仍受数据范围、对象状态和接口鉴权约束
RPM-R3-0070,ROLE-PLATFORM-ADMIN,TERM-PER-020,AUDIT_VIEW,ALLOWED,平台技术数据；项目业务数据按明确项目ID或附加CROSS_PROJECT_AUTHORIZATION_GRANT_ALL权限获得,仍受数据范围、对象状态和接口鉴权约束
RPM-R3-0071,ROLE-PLATFORM-ADMIN,TERM-PER-021,USER_CREATE,ALLOWED,平台技术数据；项目业务数据按明确项目ID或附加CROSS_PROJECT_AUTHORIZATION_GRANT_ALL权限获得,仍受数据范围、对象状态和接口鉴权约束
RPM-R3-0072,ROLE-PLATFORM-ADMIN,TERM-PER-022,ROLE_BIND,ALLOWED,平台技术数据；项目业务数据按明确项目ID或附加CROSS_PROJECT_AUTHORIZATION_GRANT_ALL权限获得,仍受数据范围、对象状态和接口鉴权约束
RPM-R3-0073,ROLE-PLATFORM-ADMIN,TERM-PER-023,PROJECT_MEMBER_MANAGE,ALLOWED,平台技术数据；项目业务数据按明确项目ID或附加CROSS_PROJECT_AUTHORIZATION_GRANT_ALL权限获得,仍受数据范围、对象状态和接口鉴权约束
RPM-R3-0074,ROLE-PLATFORM-ADMIN,TERM-PER-024,AI_TASK_CREATE,DENIED,平台技术数据；项目业务数据按明确项目ID或附加CROSS_PROJECT_AUTHORIZATION_GRANT_ALL权限获得,仍受数据范围、对象状态和接口鉴权约束
RPM-R3-0075,ROLE-PLATFORM-ADMIN,TERM-PER-025,MANUAL_RECORDING_CREATE,DENIED,平台技术数据；项目业务数据按明确项目ID或附加CROSS_PROJECT_AUTHORIZATION_GRANT_ALL权限获得,仍受数据范围、对象状态和接口鉴权约束
RPM-R3-0076,ROLE-PLATFORM-ADMIN,TERM-PER-026,CONTROL_SELF,DENIED,平台技术数据；项目业务数据按明确项目ID或附加CROSS_PROJECT_AUTHORIZATION_GRANT_ALL权限获得,仍受数据范围、对象状态和接口鉴权约束
RPM-R3-0077,ROLE-PLATFORM-ADMIN,TERM-PER-027,PROJECT_OWNER_ELIGIBLE,DENIED,平台技术数据；项目业务数据按明确项目ID或附加CROSS_PROJECT_AUTHORIZATION_GRANT_ALL权限获得,仍受数据范围、对象状态和接口鉴权约束
RPM-R3-0078,ROLE-PLATFORM-ADMIN,TERM-PER-028,NATURAL_CASE_CREATE,DENIED,平台技术数据；项目业务数据按明确项目ID或附加CROSS_PROJECT_AUTHORIZATION_GRANT_ALL权限获得,仍受数据范围、对象状态和接口鉴权约束
RPM-R3-0079,ROLE-PLATFORM-ADMIN,TERM-PER-029,MANUAL_RECORDING_VIEW,DENIED,平台技术数据；项目业务数据按明确项目ID或附加CROSS_PROJECT_AUTHORIZATION_GRANT_ALL权限获得,仍受数据范围、对象状态和接口鉴权约束
RPM-R3-0080,ROLE-PLATFORM-ADMIN,TERM-PER-030,RUNNER_REGISTER,ALLOWED,平台技术数据；项目业务数据按明确项目ID或附加CROSS_PROJECT_AUTHORIZATION_GRANT_ALL权限获得,仍受数据范围、对象状态和接口鉴权约束
RPM-R3-0081,ROLE-PLATFORM-ADMIN,TERM-PER-031,RUNNER_BIND,ALLOWED,平台技术数据；项目业务数据按明确项目ID或附加CROSS_PROJECT_AUTHORIZATION_GRANT_ALL权限获得,仍受数据范围、对象状态和接口鉴权约束
RPM-R3-0082,ROLE-PLATFORM-ADMIN,TERM-PER-032,MODEL_CONFIGURATION_MANAGE,ALLOWED,平台技术数据；项目业务数据按明确项目ID或附加CROSS_PROJECT_AUTHORIZATION_GRANT_ALL权限获得,仍受数据范围、对象状态和接口鉴权约束
RPM-R3-0083,ROLE-PLATFORM-ADMIN,TERM-PER-033,MODEL_VERSION_REVIEW,DENIED,平台技术数据；项目业务数据按明确项目ID或附加CROSS_PROJECT_AUTHORIZATION_GRANT_ALL权限获得,仍受数据范围、对象状态和接口鉴权约束
RPM-R3-0084,ROLE-PLATFORM-ADMIN,TERM-PER-034,CROSS_PROJECT_AUTHORIZATION_MANAGE,ALLOWED,平台技术数据；项目业务数据按明确项目ID或附加CROSS_PROJECT_AUTHORIZATION_GRANT_ALL权限获得,仍受数据范围、对象状态和接口鉴权约束
RPM-R3-0085,ROLE-PLATFORM-ADMIN,TERM-PER-035,CROSS_PROJECT_AUTHORIZATION_GRANT_ALL,DENIED,平台技术数据；项目业务数据按明确项目ID或附加CROSS_PROJECT_AUTHORIZATION_GRANT_ALL权限获得,仍受数据范围、对象状态和接口鉴权约束
RPM-R3-0086,ROLE-PLATFORM-ADMIN,TERM-PER-036,TOOL_INTEGRATION_INCIDENT_MANAGE,ALLOWED,平台技术数据；项目业务数据按明确项目ID或附加CROSS_PROJECT_AUTHORIZATION_GRANT_ALL权限获得,仍受数据范围、对象状态和接口鉴权约束
RPM-R3-0087,ROLE-PLATFORM-ADMIN,TERM-PER-037,TECHNICAL_ALERT_ENDPOINT_MANAGE,ALLOWED,平台技术数据；项目业务数据按明确项目ID或附加CROSS_PROJECT_AUTHORIZATION_GRANT_ALL权限获得,仍受数据范围、对象状态和接口鉴权约束
RPM-R3-0088,ROLE-PLATFORM-ADMIN,TERM-PER-038,VERSION_REVIEW_VIEW,DENIED,平台技术数据；项目业务数据按明确项目ID或附加CROSS_PROJECT_AUTHORIZATION_GRANT_ALL权限获得,提交人不得批准本人提交；高风险操作必须审计
RPM-R3-0089,ROLE-PLATFORM-ADMIN,TERM-PER-039,TEST_REPORT_VIEW,ALLOWED,平台技术数据；项目业务数据按明确项目ID或附加CROSS_PROJECT_AUTHORIZATION_GRANT_ALL权限获得,仍受数据范围、对象状态和接口鉴权约束
RPM-R3-0090,ROLE-PLATFORM-ADMIN,TERM-PER-040,TEST_ARTIFACT_VIEW,DENIED,平台技术数据；项目业务数据按明确项目ID或附加CROSS_PROJECT_AUTHORIZATION_GRANT_ALL权限获得,仍受数据范围、对象状态和接口鉴权约束
RPM-R3-0091,ROLE-PLATFORM-ADMIN,TERM-PER-041,REPORT_SHARE_VIEW,DENIED,平台技术数据；项目业务数据按明确项目ID或附加CROSS_PROJECT_AUTHORIZATION_GRANT_ALL权限获得,仍受数据范围、对象状态和接口鉴权约束
RPM-R3-0092,ROLE-PLATFORM-ADMIN,TERM-PER-042,MANUAL_RECORDING_TASK_VIEW,DENIED,平台技术数据；项目业务数据按明确项目ID或附加CROSS_PROJECT_AUTHORIZATION_GRANT_ALL权限获得,仍受数据范围、对象状态和接口鉴权约束
RPM-R3-0093,ROLE-PLATFORM-ADMIN,PDBR-PER-001,REPORT_EXPORT,DENIED,平台技术数据；项目业务数据按明确项目ID或附加CROSS_PROJECT_AUTHORIZATION_GRANT_ALL权限获得,仍受数据范围、对象状态和接口鉴权约束
RPM-R3-0094,ROLE-PLATFORM-ADMIN,PDBR-PER-002,REPORT_SHARE,DENIED,平台技术数据；项目业务数据按明确项目ID或附加CROSS_PROJECT_AUTHORIZATION_GRANT_ALL权限获得,仍受数据范围、对象状态和接口鉴权约束
RPM-R3-0095,ROLE-PLATFORM-ADMIN,PDBR-PER-003,SENSITIVE_ARTIFACT_VIEW,DENIED,平台技术数据；项目业务数据按明确项目ID或附加CROSS_PROJECT_AUTHORIZATION_GRANT_ALL权限获得,仍受数据范围、对象状态和接口鉴权约束
RPM-R3-0096,ROLE-PLATFORM-ADMIN,PDBR-PER-004,VERSION_REVIEW_SUBMIT,DENIED,平台技术数据；项目业务数据按明确项目ID或附加CROSS_PROJECT_AUTHORIZATION_GRANT_ALL权限获得,提交人不得批准本人提交；高风险操作必须审计
RPM-R3-0097,ROLE-PLATFORM-ADMIN,PDBR-PER-005,VERSION_REVIEW_APPROVE,DENIED,平台技术数据；项目业务数据按明确项目ID或附加CROSS_PROJECT_AUTHORIZATION_GRANT_ALL权限获得,提交人不得批准本人提交；高风险操作必须审计
RPM-R3-0098,ROLE-PLATFORM-ADMIN,PDBR-PER-006,VERSION_REVIEW_REJECT,DENIED,平台技术数据；项目业务数据按明确项目ID或附加CROSS_PROJECT_AUTHORIZATION_GRANT_ALL权限获得,提交人不得批准本人提交；高风险操作必须审计
RPM-R3-0099,ROLE-PLATFORM-ADMIN,PDBR-PER-007,VERSION_PUBLISH,DENIED,平台技术数据；项目业务数据按明确项目ID或附加CROSS_PROJECT_AUTHORIZATION_GRANT_ALL权限获得,提交人不得批准本人提交；高风险操作必须审计
RPM-R3-0100,ROLE-PLATFORM-ADMIN,PDBR-PER-008,VERSION_REVIEW_WITHDRAW,DENIED,平台技术数据；项目业务数据按明确项目ID或附加CROSS_PROJECT_AUTHORIZATION_GRANT_ALL权限获得,提交人不得批准本人提交；高风险操作必须审计
RPM-R3-0101,ROLE-PROJECT-FUNCTION-ADMIN,TERM-PER-001,PROJECT_VIEW,ALLOWED,指定项目及七个项目数据子范围的active/history范围,仍受数据范围、对象状态和接口鉴权约束
RPM-R3-0102,ROLE-PROJECT-FUNCTION-ADMIN,TERM-PER-002,PROJECT_CREATE,DENIED,指定项目及七个项目数据子范围的active/history范围,仍受数据范围、对象状态和接口鉴权约束
RPM-R3-0103,ROLE-PROJECT-FUNCTION-ADMIN,TERM-PER-003,PROJECT_EDIT,ALLOWED,指定项目及七个项目数据子范围的active/history范围,仍受数据范围、对象状态和接口鉴权约束
RPM-R3-0104,ROLE-PROJECT-FUNCTION-ADMIN,TERM-PER-004,PROJECT_ARCHIVE,ALLOWED,指定项目及七个项目数据子范围的active/history范围,仍受数据范围、对象状态和接口鉴权约束
RPM-R3-0105,ROLE-PROJECT-FUNCTION-ADMIN,TERM-PER-005,BUSINESS_MODULE_VIEW,ALLOWED,指定项目及七个项目数据子范围的active/history范围,仍受数据范围、对象状态和接口鉴权约束
RPM-R3-0106,ROLE-PROJECT-FUNCTION-ADMIN,TERM-PER-006,BUSINESS_MODULE_CREATE,ALLOWED,指定项目及七个项目数据子范围的active/history范围,仍受数据范围、对象状态和接口鉴权约束
RPM-R3-0107,ROLE-PROJECT-FUNCTION-ADMIN,TERM-PER-007,BUSINESS_MODULE_EDIT,ALLOWED,指定项目及七个项目数据子范围的active/history范围,仍受数据范围、对象状态和接口鉴权约束
RPM-R3-0108,ROLE-PROJECT-FUNCTION-ADMIN,TERM-PER-008,BUSINESS_MODULE_ARCHIVE,ALLOWED,指定项目及七个项目数据子范围的active/history范围,仍受数据范围、对象状态和接口鉴权约束
RPM-R3-0109,ROLE-PROJECT-FUNCTION-ADMIN,TERM-PER-009,BUSINESS_TERMINAL_VIEW,ALLOWED,指定项目及七个项目数据子范围的active/history范围,仍受数据范围、对象状态和接口鉴权约束
RPM-R3-0110,ROLE-PROJECT-FUNCTION-ADMIN,TERM-PER-010,BUSINESS_TERMINAL_CREATE,ALLOWED,指定项目及七个项目数据子范围的active/history范围,仍受数据范围、对象状态和接口鉴权约束
RPM-R3-0111,ROLE-PROJECT-FUNCTION-ADMIN,TERM-PER-011,BUSINESS_TERMINAL_EDIT,ALLOWED,指定项目及七个项目数据子范围的active/history范围,仍受数据范围、对象状态和接口鉴权约束
RPM-R3-0112,ROLE-PROJECT-FUNCTION-ADMIN,TERM-PER-012,BUSINESS_TERMINAL_ARCHIVE,ALLOWED,指定项目及七个项目数据子范围的active/history范围,仍受数据范围、对象状态和接口鉴权约束
RPM-R3-0113,ROLE-PROJECT-FUNCTION-ADMIN,TERM-PER-013,CASE_SUITE_VIEW,ALLOWED,指定项目及七个项目数据子范围的active/history范围,仍受数据范围、对象状态和接口鉴权约束
RPM-R3-0114,ROLE-PROJECT-FUNCTION-ADMIN,TERM-PER-014,CASE_SUITE_CREATE,ALLOWED,指定项目及七个项目数据子范围的active/history范围,仍受数据范围、对象状态和接口鉴权约束
RPM-R3-0115,ROLE-PROJECT-FUNCTION-ADMIN,TERM-PER-015,CASE_SUITE_EDIT,ALLOWED,指定项目及七个项目数据子范围的active/history范围,仍受数据范围、对象状态和接口鉴权约束
RPM-R3-0116,ROLE-PROJECT-FUNCTION-ADMIN,TERM-PER-016,RUN_TASK_CREATE,DENIED,指定项目及七个项目数据子范围的active/history范围,仍受数据范围、对象状态和接口鉴权约束
RPM-R3-0117,ROLE-PROJECT-FUNCTION-ADMIN,TERM-PER-017,RUN_TASK_CANCEL,DENIED,指定项目及七个项目数据子范围的active/history范围,仍受数据范围、对象状态和接口鉴权约束
RPM-R3-0118,ROLE-PROJECT-FUNCTION-ADMIN,TERM-PER-018,REPORT_VIEW,ALLOWED,指定项目及七个项目数据子范围的active/history范围,仍受数据范围、对象状态和接口鉴权约束
RPM-R3-0119,ROLE-PROJECT-FUNCTION-ADMIN,TERM-PER-019,ARTIFACT_DOWNLOAD,DENIED,指定项目及七个项目数据子范围的active/history范围,仍受数据范围、对象状态和接口鉴权约束
RPM-R3-0120,ROLE-PROJECT-FUNCTION-ADMIN,TERM-PER-020,AUDIT_VIEW,DENIED,指定项目及七个项目数据子范围的active/history范围,仍受数据范围、对象状态和接口鉴权约束
RPM-R3-0121,ROLE-PROJECT-FUNCTION-ADMIN,TERM-PER-021,USER_CREATE,DENIED,指定项目及七个项目数据子范围的active/history范围,仍受数据范围、对象状态和接口鉴权约束
RPM-R3-0122,ROLE-PROJECT-FUNCTION-ADMIN,TERM-PER-022,ROLE_BIND,DENIED,指定项目及七个项目数据子范围的active/history范围,仍受数据范围、对象状态和接口鉴权约束
RPM-R3-0123,ROLE-PROJECT-FUNCTION-ADMIN,TERM-PER-023,PROJECT_MEMBER_MANAGE,ALLOWED,指定项目及七个项目数据子范围的active/history范围,仍受数据范围、对象状态和接口鉴权约束
RPM-R3-0124,ROLE-PROJECT-FUNCTION-ADMIN,TERM-PER-024,AI_TASK_CREATE,DENIED,指定项目及七个项目数据子范围的active/history范围,仍受数据范围、对象状态和接口鉴权约束
RPM-R3-0125,ROLE-PROJECT-FUNCTION-ADMIN,TERM-PER-025,MANUAL_RECORDING_CREATE,DENIED,指定项目及七个项目数据子范围的active/history范围,仍受数据范围、对象状态和接口鉴权约束
RPM-R3-0126,ROLE-PROJECT-FUNCTION-ADMIN,TERM-PER-026,CONTROL_SELF,DENIED,指定项目及七个项目数据子范围的active/history范围,仍受数据范围、对象状态和接口鉴权约束
RPM-R3-0127,ROLE-PROJECT-FUNCTION-ADMIN,TERM-PER-027,PROJECT_OWNER_ELIGIBLE,DENIED,指定项目及七个项目数据子范围的active/history范围,仍受数据范围、对象状态和接口鉴权约束
RPM-R3-0128,ROLE-PROJECT-FUNCTION-ADMIN,TERM-PER-028,NATURAL_CASE_CREATE,DENIED,指定项目及七个项目数据子范围的active/history范围,仍受数据范围、对象状态和接口鉴权约束
RPM-R3-0129,ROLE-PROJECT-FUNCTION-ADMIN,TERM-PER-029,MANUAL_RECORDING_VIEW,DENIED,指定项目及七个项目数据子范围的active/history范围,仍受数据范围、对象状态和接口鉴权约束
RPM-R3-0130,ROLE-PROJECT-FUNCTION-ADMIN,TERM-PER-030,RUNNER_REGISTER,DENIED,指定项目及七个项目数据子范围的active/history范围,仍受数据范围、对象状态和接口鉴权约束
RPM-R3-0131,ROLE-PROJECT-FUNCTION-ADMIN,TERM-PER-031,RUNNER_BIND,DENIED,指定项目及七个项目数据子范围的active/history范围,仍受数据范围、对象状态和接口鉴权约束
RPM-R3-0132,ROLE-PROJECT-FUNCTION-ADMIN,TERM-PER-032,MODEL_CONFIGURATION_MANAGE,DENIED,指定项目及七个项目数据子范围的active/history范围,仍受数据范围、对象状态和接口鉴权约束
RPM-R3-0133,ROLE-PROJECT-FUNCTION-ADMIN,TERM-PER-033,MODEL_VERSION_REVIEW,DENIED,指定项目及七个项目数据子范围的active/history范围,仍受数据范围、对象状态和接口鉴权约束
RPM-R3-0134,ROLE-PROJECT-FUNCTION-ADMIN,TERM-PER-034,CROSS_PROJECT_AUTHORIZATION_MANAGE,DENIED,指定项目及七个项目数据子范围的active/history范围,仍受数据范围、对象状态和接口鉴权约束
RPM-R3-0135,ROLE-PROJECT-FUNCTION-ADMIN,TERM-PER-035,CROSS_PROJECT_AUTHORIZATION_GRANT_ALL,DENIED,指定项目及七个项目数据子范围的active/history范围,仍受数据范围、对象状态和接口鉴权约束
RPM-R3-0136,ROLE-PROJECT-FUNCTION-ADMIN,TERM-PER-036,TOOL_INTEGRATION_INCIDENT_MANAGE,DENIED,指定项目及七个项目数据子范围的active/history范围,仍受数据范围、对象状态和接口鉴权约束
RPM-R3-0137,ROLE-PROJECT-FUNCTION-ADMIN,TERM-PER-037,TECHNICAL_ALERT_ENDPOINT_MANAGE,DENIED,指定项目及七个项目数据子范围的active/history范围,仍受数据范围、对象状态和接口鉴权约束
RPM-R3-0138,ROLE-PROJECT-FUNCTION-ADMIN,TERM-PER-038,VERSION_REVIEW_VIEW,DENIED,指定项目及七个项目数据子范围的active/history范围,提交人不得批准本人提交；高风险操作必须审计
RPM-R3-0139,ROLE-PROJECT-FUNCTION-ADMIN,TERM-PER-039,TEST_REPORT_VIEW,ALLOWED,指定项目及七个项目数据子范围的active/history范围,仍受数据范围、对象状态和接口鉴权约束
RPM-R3-0140,ROLE-PROJECT-FUNCTION-ADMIN,TERM-PER-040,TEST_ARTIFACT_VIEW,ALLOWED,指定项目及七个项目数据子范围的active/history范围,仍受数据范围、对象状态和接口鉴权约束
RPM-R3-0141,ROLE-PROJECT-FUNCTION-ADMIN,TERM-PER-041,REPORT_SHARE_VIEW,DENIED,指定项目及七个项目数据子范围的active/history范围,仍受数据范围、对象状态和接口鉴权约束
RPM-R3-0142,ROLE-PROJECT-FUNCTION-ADMIN,TERM-PER-042,MANUAL_RECORDING_TASK_VIEW,DENIED,指定项目及七个项目数据子范围的active/history范围,仍受数据范围、对象状态和接口鉴权约束
RPM-R3-0143,ROLE-PROJECT-FUNCTION-ADMIN,PDBR-PER-001,REPORT_EXPORT,DENIED,指定项目及七个项目数据子范围的active/history范围,仍受数据范围、对象状态和接口鉴权约束
RPM-R3-0144,ROLE-PROJECT-FUNCTION-ADMIN,PDBR-PER-002,REPORT_SHARE,DENIED,指定项目及七个项目数据子范围的active/history范围,仍受数据范围、对象状态和接口鉴权约束
RPM-R3-0145,ROLE-PROJECT-FUNCTION-ADMIN,PDBR-PER-003,SENSITIVE_ARTIFACT_VIEW,DENIED,指定项目及七个项目数据子范围的active/history范围,仍受数据范围、对象状态和接口鉴权约束
RPM-R3-0146,ROLE-PROJECT-FUNCTION-ADMIN,PDBR-PER-004,VERSION_REVIEW_SUBMIT,ALLOWED,指定项目及七个项目数据子范围的active/history范围,提交人不得批准本人提交；高风险操作必须审计
RPM-R3-0147,ROLE-PROJECT-FUNCTION-ADMIN,PDBR-PER-005,VERSION_REVIEW_APPROVE,DENIED,指定项目及七个项目数据子范围的active/history范围,提交人不得批准本人提交；高风险操作必须审计
RPM-R3-0148,ROLE-PROJECT-FUNCTION-ADMIN,PDBR-PER-006,VERSION_REVIEW_REJECT,DENIED,指定项目及七个项目数据子范围的active/history范围,提交人不得批准本人提交；高风险操作必须审计
RPM-R3-0149,ROLE-PROJECT-FUNCTION-ADMIN,PDBR-PER-007,VERSION_PUBLISH,ALLOWED,指定项目及七个项目数据子范围的active/history范围,提交人不得批准本人提交；高风险操作必须审计
RPM-R3-0150,ROLE-PROJECT-FUNCTION-ADMIN,PDBR-PER-008,VERSION_REVIEW_WITHDRAW,ALLOWED,指定项目及七个项目数据子范围的active/history范围,提交人不得批准本人提交；高风险操作必须审计
RPM-R3-0151,ROLE-TEST-LEAD,TERM-PER-001,PROJECT_VIEW,ALLOWED,授权项目的测试资产、执行和报告范围,仍受数据范围、对象状态和接口鉴权约束
RPM-R3-0152,ROLE-TEST-LEAD,TERM-PER-002,PROJECT_CREATE,DENIED,授权项目的测试资产、执行和报告范围,仍受数据范围、对象状态和接口鉴权约束
RPM-R3-0153,ROLE-TEST-LEAD,TERM-PER-003,PROJECT_EDIT,DENIED,授权项目的测试资产、执行和报告范围,仍受数据范围、对象状态和接口鉴权约束
RPM-R3-0154,ROLE-TEST-LEAD,TERM-PER-004,PROJECT_ARCHIVE,DENIED,授权项目的测试资产、执行和报告范围,仍受数据范围、对象状态和接口鉴权约束
RPM-R3-0155,ROLE-TEST-LEAD,TERM-PER-005,BUSINESS_MODULE_VIEW,DENIED,授权项目的测试资产、执行和报告范围,仍受数据范围、对象状态和接口鉴权约束
RPM-R3-0156,ROLE-TEST-LEAD,TERM-PER-006,BUSINESS_MODULE_CREATE,DENIED,授权项目的测试资产、执行和报告范围,仍受数据范围、对象状态和接口鉴权约束
RPM-R3-0157,ROLE-TEST-LEAD,TERM-PER-007,BUSINESS_MODULE_EDIT,DENIED,授权项目的测试资产、执行和报告范围,仍受数据范围、对象状态和接口鉴权约束
RPM-R3-0158,ROLE-TEST-LEAD,TERM-PER-008,BUSINESS_MODULE_ARCHIVE,DENIED,授权项目的测试资产、执行和报告范围,仍受数据范围、对象状态和接口鉴权约束
RPM-R3-0159,ROLE-TEST-LEAD,TERM-PER-009,BUSINESS_TERMINAL_VIEW,DENIED,授权项目的测试资产、执行和报告范围,仍受数据范围、对象状态和接口鉴权约束
RPM-R3-0160,ROLE-TEST-LEAD,TERM-PER-010,BUSINESS_TERMINAL_CREATE,DENIED,授权项目的测试资产、执行和报告范围,仍受数据范围、对象状态和接口鉴权约束
RPM-R3-0161,ROLE-TEST-LEAD,TERM-PER-011,BUSINESS_TERMINAL_EDIT,DENIED,授权项目的测试资产、执行和报告范围,仍受数据范围、对象状态和接口鉴权约束
RPM-R3-0162,ROLE-TEST-LEAD,TERM-PER-012,BUSINESS_TERMINAL_ARCHIVE,DENIED,授权项目的测试资产、执行和报告范围,仍受数据范围、对象状态和接口鉴权约束
RPM-R3-0163,ROLE-TEST-LEAD,TERM-PER-013,CASE_SUITE_VIEW,ALLOWED,授权项目的测试资产、执行和报告范围,仍受数据范围、对象状态和接口鉴权约束
RPM-R3-0164,ROLE-TEST-LEAD,TERM-PER-014,CASE_SUITE_CREATE,ALLOWED,授权项目的测试资产、执行和报告范围,仍受数据范围、对象状态和接口鉴权约束
RPM-R3-0165,ROLE-TEST-LEAD,TERM-PER-015,CASE_SUITE_EDIT,ALLOWED,授权项目的测试资产、执行和报告范围,仍受数据范围、对象状态和接口鉴权约束
RPM-R3-0166,ROLE-TEST-LEAD,TERM-PER-016,RUN_TASK_CREATE,ALLOWED,授权项目的测试资产、执行和报告范围,仍受数据范围、对象状态和接口鉴权约束
RPM-R3-0167,ROLE-TEST-LEAD,TERM-PER-017,RUN_TASK_CANCEL,ALLOWED,授权项目的测试资产、执行和报告范围,仍受数据范围、对象状态和接口鉴权约束
RPM-R3-0168,ROLE-TEST-LEAD,TERM-PER-018,REPORT_VIEW,ALLOWED,授权项目的测试资产、执行和报告范围,仍受数据范围、对象状态和接口鉴权约束
RPM-R3-0169,ROLE-TEST-LEAD,TERM-PER-019,ARTIFACT_DOWNLOAD,ALLOWED,授权项目的测试资产、执行和报告范围,仍受数据范围、对象状态和接口鉴权约束
RPM-R3-0170,ROLE-TEST-LEAD,TERM-PER-020,AUDIT_VIEW,DENIED,授权项目的测试资产、执行和报告范围,仍受数据范围、对象状态和接口鉴权约束
RPM-R3-0171,ROLE-TEST-LEAD,TERM-PER-021,USER_CREATE,DENIED,授权项目的测试资产、执行和报告范围,仍受数据范围、对象状态和接口鉴权约束
RPM-R3-0172,ROLE-TEST-LEAD,TERM-PER-022,ROLE_BIND,DENIED,授权项目的测试资产、执行和报告范围,仍受数据范围、对象状态和接口鉴权约束
RPM-R3-0173,ROLE-TEST-LEAD,TERM-PER-023,PROJECT_MEMBER_MANAGE,DENIED,授权项目的测试资产、执行和报告范围,仍受数据范围、对象状态和接口鉴权约束
RPM-R3-0174,ROLE-TEST-LEAD,TERM-PER-024,AI_TASK_CREATE,ALLOWED,授权项目的测试资产、执行和报告范围,仍受数据范围、对象状态和接口鉴权约束
RPM-R3-0175,ROLE-TEST-LEAD,TERM-PER-025,MANUAL_RECORDING_CREATE,ALLOWED,授权项目的测试资产、执行和报告范围,仍受数据范围、对象状态和接口鉴权约束
RPM-R3-0176,ROLE-TEST-LEAD,TERM-PER-026,CONTROL_SELF,DENIED,授权项目的测试资产、执行和报告范围,仍受数据范围、对象状态和接口鉴权约束
RPM-R3-0177,ROLE-TEST-LEAD,TERM-PER-027,PROJECT_OWNER_ELIGIBLE,DENIED,授权项目的测试资产、执行和报告范围,仍受数据范围、对象状态和接口鉴权约束
RPM-R3-0178,ROLE-TEST-LEAD,TERM-PER-028,NATURAL_CASE_CREATE,DENIED,授权项目的测试资产、执行和报告范围,仍受数据范围、对象状态和接口鉴权约束
RPM-R3-0179,ROLE-TEST-LEAD,TERM-PER-029,MANUAL_RECORDING_VIEW,ALLOWED,授权项目的测试资产、执行和报告范围,仍受数据范围、对象状态和接口鉴权约束
RPM-R3-0180,ROLE-TEST-LEAD,TERM-PER-030,RUNNER_REGISTER,DENIED,授权项目的测试资产、执行和报告范围,仍受数据范围、对象状态和接口鉴权约束
RPM-R3-0181,ROLE-TEST-LEAD,TERM-PER-031,RUNNER_BIND,DENIED,授权项目的测试资产、执行和报告范围,仍受数据范围、对象状态和接口鉴权约束
RPM-R3-0182,ROLE-TEST-LEAD,TERM-PER-032,MODEL_CONFIGURATION_MANAGE,DENIED,授权项目的测试资产、执行和报告范围,仍受数据范围、对象状态和接口鉴权约束
RPM-R3-0183,ROLE-TEST-LEAD,TERM-PER-033,MODEL_VERSION_REVIEW,DENIED,授权项目的测试资产、执行和报告范围,仍受数据范围、对象状态和接口鉴权约束
RPM-R3-0184,ROLE-TEST-LEAD,TERM-PER-034,CROSS_PROJECT_AUTHORIZATION_MANAGE,DENIED,授权项目的测试资产、执行和报告范围,仍受数据范围、对象状态和接口鉴权约束
RPM-R3-0185,ROLE-TEST-LEAD,TERM-PER-035,CROSS_PROJECT_AUTHORIZATION_GRANT_ALL,DENIED,授权项目的测试资产、执行和报告范围,仍受数据范围、对象状态和接口鉴权约束
RPM-R3-0186,ROLE-TEST-LEAD,TERM-PER-036,TOOL_INTEGRATION_INCIDENT_MANAGE,DENIED,授权项目的测试资产、执行和报告范围,仍受数据范围、对象状态和接口鉴权约束
RPM-R3-0187,ROLE-TEST-LEAD,TERM-PER-037,TECHNICAL_ALERT_ENDPOINT_MANAGE,DENIED,授权项目的测试资产、执行和报告范围,仍受数据范围、对象状态和接口鉴权约束
RPM-R3-0188,ROLE-TEST-LEAD,TERM-PER-038,VERSION_REVIEW_VIEW,DENIED,授权项目的测试资产、执行和报告范围,提交人不得批准本人提交；高风险操作必须审计
RPM-R3-0189,ROLE-TEST-LEAD,TERM-PER-039,TEST_REPORT_VIEW,ALLOWED,授权项目的测试资产、执行和报告范围,仍受数据范围、对象状态和接口鉴权约束
RPM-R3-0190,ROLE-TEST-LEAD,TERM-PER-040,TEST_ARTIFACT_VIEW,ALLOWED,授权项目的测试资产、执行和报告范围,仍受数据范围、对象状态和接口鉴权约束
RPM-R3-0191,ROLE-TEST-LEAD,TERM-PER-041,REPORT_SHARE_VIEW,DENIED,授权项目的测试资产、执行和报告范围,仍受数据范围、对象状态和接口鉴权约束
RPM-R3-0192,ROLE-TEST-LEAD,TERM-PER-042,MANUAL_RECORDING_TASK_VIEW,ALLOWED,授权项目的测试资产、执行和报告范围,仍受数据范围、对象状态和接口鉴权约束
RPM-R3-0193,ROLE-TEST-LEAD,PDBR-PER-001,REPORT_EXPORT,DENIED,授权项目的测试资产、执行和报告范围,仍受数据范围、对象状态和接口鉴权约束
RPM-R3-0194,ROLE-TEST-LEAD,PDBR-PER-002,REPORT_SHARE,DENIED,授权项目的测试资产、执行和报告范围,仍受数据范围、对象状态和接口鉴权约束
RPM-R3-0195,ROLE-TEST-LEAD,PDBR-PER-003,SENSITIVE_ARTIFACT_VIEW,DENIED,授权项目的测试资产、执行和报告范围,仍受数据范围、对象状态和接口鉴权约束
RPM-R3-0196,ROLE-TEST-LEAD,PDBR-PER-004,VERSION_REVIEW_SUBMIT,DENIED,授权项目的测试资产、执行和报告范围,提交人不得批准本人提交；高风险操作必须审计
RPM-R3-0197,ROLE-TEST-LEAD,PDBR-PER-005,VERSION_REVIEW_APPROVE,DENIED,授权项目的测试资产、执行和报告范围,提交人不得批准本人提交；高风险操作必须审计
RPM-R3-0198,ROLE-TEST-LEAD,PDBR-PER-006,VERSION_REVIEW_REJECT,DENIED,授权项目的测试资产、执行和报告范围,提交人不得批准本人提交；高风险操作必须审计
RPM-R3-0199,ROLE-TEST-LEAD,PDBR-PER-007,VERSION_PUBLISH,DENIED,授权项目的测试资产、执行和报告范围,提交人不得批准本人提交；高风险操作必须审计
RPM-R3-0200,ROLE-TEST-LEAD,PDBR-PER-008,VERSION_REVIEW_WITHDRAW,DENIED,授权项目的测试资产、执行和报告范围,提交人不得批准本人提交；高风险操作必须审计
RPM-R3-0201,ROLE-CASE-DESIGNER,TERM-PER-001,PROJECT_VIEW,ALLOWED,授权项目的用例、AI任务、录制和相关资产范围,仍受数据范围、对象状态和接口鉴权约束
RPM-R3-0202,ROLE-CASE-DESIGNER,TERM-PER-002,PROJECT_CREATE,DENIED,授权项目的用例、AI任务、录制和相关资产范围,仍受数据范围、对象状态和接口鉴权约束
RPM-R3-0203,ROLE-CASE-DESIGNER,TERM-PER-003,PROJECT_EDIT,DENIED,授权项目的用例、AI任务、录制和相关资产范围,仍受数据范围、对象状态和接口鉴权约束
RPM-R3-0204,ROLE-CASE-DESIGNER,TERM-PER-004,PROJECT_ARCHIVE,DENIED,授权项目的用例、AI任务、录制和相关资产范围,仍受数据范围、对象状态和接口鉴权约束
RPM-R3-0205,ROLE-CASE-DESIGNER,TERM-PER-005,BUSINESS_MODULE_VIEW,DENIED,授权项目的用例、AI任务、录制和相关资产范围,仍受数据范围、对象状态和接口鉴权约束
RPM-R3-0206,ROLE-CASE-DESIGNER,TERM-PER-006,BUSINESS_MODULE_CREATE,DENIED,授权项目的用例、AI任务、录制和相关资产范围,仍受数据范围、对象状态和接口鉴权约束
RPM-R3-0207,ROLE-CASE-DESIGNER,TERM-PER-007,BUSINESS_MODULE_EDIT,DENIED,授权项目的用例、AI任务、录制和相关资产范围,仍受数据范围、对象状态和接口鉴权约束
RPM-R3-0208,ROLE-CASE-DESIGNER,TERM-PER-008,BUSINESS_MODULE_ARCHIVE,DENIED,授权项目的用例、AI任务、录制和相关资产范围,仍受数据范围、对象状态和接口鉴权约束
RPM-R3-0209,ROLE-CASE-DESIGNER,TERM-PER-009,BUSINESS_TERMINAL_VIEW,DENIED,授权项目的用例、AI任务、录制和相关资产范围,仍受数据范围、对象状态和接口鉴权约束
RPM-R3-0210,ROLE-CASE-DESIGNER,TERM-PER-010,BUSINESS_TERMINAL_CREATE,DENIED,授权项目的用例、AI任务、录制和相关资产范围,仍受数据范围、对象状态和接口鉴权约束
RPM-R3-0211,ROLE-CASE-DESIGNER,TERM-PER-011,BUSINESS_TERMINAL_EDIT,DENIED,授权项目的用例、AI任务、录制和相关资产范围,仍受数据范围、对象状态和接口鉴权约束
RPM-R3-0212,ROLE-CASE-DESIGNER,TERM-PER-012,BUSINESS_TERMINAL_ARCHIVE,DENIED,授权项目的用例、AI任务、录制和相关资产范围,仍受数据范围、对象状态和接口鉴权约束
RPM-R3-0213,ROLE-CASE-DESIGNER,TERM-PER-013,CASE_SUITE_VIEW,ALLOWED,授权项目的用例、AI任务、录制和相关资产范围,仍受数据范围、对象状态和接口鉴权约束
RPM-R3-0214,ROLE-CASE-DESIGNER,TERM-PER-014,CASE_SUITE_CREATE,ALLOWED,授权项目的用例、AI任务、录制和相关资产范围,仍受数据范围、对象状态和接口鉴权约束
RPM-R3-0215,ROLE-CASE-DESIGNER,TERM-PER-015,CASE_SUITE_EDIT,ALLOWED,授权项目的用例、AI任务、录制和相关资产范围,仍受数据范围、对象状态和接口鉴权约束
RPM-R3-0216,ROLE-CASE-DESIGNER,TERM-PER-016,RUN_TASK_CREATE,DENIED,授权项目的用例、AI任务、录制和相关资产范围,仍受数据范围、对象状态和接口鉴权约束
RPM-R3-0217,ROLE-CASE-DESIGNER,TERM-PER-017,RUN_TASK_CANCEL,DENIED,授权项目的用例、AI任务、录制和相关资产范围,仍受数据范围、对象状态和接口鉴权约束
RPM-R3-0218,ROLE-CASE-DESIGNER,TERM-PER-018,REPORT_VIEW,DENIED,授权项目的用例、AI任务、录制和相关资产范围,仍受数据范围、对象状态和接口鉴权约束
RPM-R3-0219,ROLE-CASE-DESIGNER,TERM-PER-019,ARTIFACT_DOWNLOAD,DENIED,授权项目的用例、AI任务、录制和相关资产范围,仍受数据范围、对象状态和接口鉴权约束
RPM-R3-0220,ROLE-CASE-DESIGNER,TERM-PER-020,AUDIT_VIEW,DENIED,授权项目的用例、AI任务、录制和相关资产范围,仍受数据范围、对象状态和接口鉴权约束
RPM-R3-0221,ROLE-CASE-DESIGNER,TERM-PER-021,USER_CREATE,DENIED,授权项目的用例、AI任务、录制和相关资产范围,仍受数据范围、对象状态和接口鉴权约束
RPM-R3-0222,ROLE-CASE-DESIGNER,TERM-PER-022,ROLE_BIND,DENIED,授权项目的用例、AI任务、录制和相关资产范围,仍受数据范围、对象状态和接口鉴权约束
RPM-R3-0223,ROLE-CASE-DESIGNER,TERM-PER-023,PROJECT_MEMBER_MANAGE,DENIED,授权项目的用例、AI任务、录制和相关资产范围,仍受数据范围、对象状态和接口鉴权约束
RPM-R3-0224,ROLE-CASE-DESIGNER,TERM-PER-024,AI_TASK_CREATE,ALLOWED,授权项目的用例、AI任务、录制和相关资产范围,仍受数据范围、对象状态和接口鉴权约束
RPM-R3-0225,ROLE-CASE-DESIGNER,TERM-PER-025,MANUAL_RECORDING_CREATE,ALLOWED,授权项目的用例、AI任务、录制和相关资产范围,仍受数据范围、对象状态和接口鉴权约束
RPM-R3-0226,ROLE-CASE-DESIGNER,TERM-PER-026,CONTROL_SELF,ALLOWED,授权项目的用例、AI任务、录制和相关资产范围,仍受数据范围、对象状态和接口鉴权约束
RPM-R3-0227,ROLE-CASE-DESIGNER,TERM-PER-027,PROJECT_OWNER_ELIGIBLE,DENIED,授权项目的用例、AI任务、录制和相关资产范围,仍受数据范围、对象状态和接口鉴权约束
RPM-R3-0228,ROLE-CASE-DESIGNER,TERM-PER-028,NATURAL_CASE_CREATE,ALLOWED,授权项目的用例、AI任务、录制和相关资产范围,仍受数据范围、对象状态和接口鉴权约束
RPM-R3-0229,ROLE-CASE-DESIGNER,TERM-PER-029,MANUAL_RECORDING_VIEW,ALLOWED,授权项目的用例、AI任务、录制和相关资产范围,仍受数据范围、对象状态和接口鉴权约束
RPM-R3-0230,ROLE-CASE-DESIGNER,TERM-PER-030,RUNNER_REGISTER,DENIED,授权项目的用例、AI任务、录制和相关资产范围,仍受数据范围、对象状态和接口鉴权约束
RPM-R3-0231,ROLE-CASE-DESIGNER,TERM-PER-031,RUNNER_BIND,DENIED,授权项目的用例、AI任务、录制和相关资产范围,仍受数据范围、对象状态和接口鉴权约束
RPM-R3-0232,ROLE-CASE-DESIGNER,TERM-PER-032,MODEL_CONFIGURATION_MANAGE,DENIED,授权项目的用例、AI任务、录制和相关资产范围,仍受数据范围、对象状态和接口鉴权约束
RPM-R3-0233,ROLE-CASE-DESIGNER,TERM-PER-033,MODEL_VERSION_REVIEW,DENIED,授权项目的用例、AI任务、录制和相关资产范围,仍受数据范围、对象状态和接口鉴权约束
RPM-R3-0234,ROLE-CASE-DESIGNER,TERM-PER-034,CROSS_PROJECT_AUTHORIZATION_MANAGE,DENIED,授权项目的用例、AI任务、录制和相关资产范围,仍受数据范围、对象状态和接口鉴权约束
RPM-R3-0235,ROLE-CASE-DESIGNER,TERM-PER-035,CROSS_PROJECT_AUTHORIZATION_GRANT_ALL,DENIED,授权项目的用例、AI任务、录制和相关资产范围,仍受数据范围、对象状态和接口鉴权约束
RPM-R3-0236,ROLE-CASE-DESIGNER,TERM-PER-036,TOOL_INTEGRATION_INCIDENT_MANAGE,DENIED,授权项目的用例、AI任务、录制和相关资产范围,仍受数据范围、对象状态和接口鉴权约束
RPM-R3-0237,ROLE-CASE-DESIGNER,TERM-PER-037,TECHNICAL_ALERT_ENDPOINT_MANAGE,DENIED,授权项目的用例、AI任务、录制和相关资产范围,仍受数据范围、对象状态和接口鉴权约束
RPM-R3-0238,ROLE-CASE-DESIGNER,TERM-PER-038,VERSION_REVIEW_VIEW,DENIED,授权项目的用例、AI任务、录制和相关资产范围,提交人不得批准本人提交；高风险操作必须审计
RPM-R3-0239,ROLE-CASE-DESIGNER,TERM-PER-039,TEST_REPORT_VIEW,DENIED,授权项目的用例、AI任务、录制和相关资产范围,仍受数据范围、对象状态和接口鉴权约束
RPM-R3-0240,ROLE-CASE-DESIGNER,TERM-PER-040,TEST_ARTIFACT_VIEW,DENIED,授权项目的用例、AI任务、录制和相关资产范围,仍受数据范围、对象状态和接口鉴权约束
RPM-R3-0241,ROLE-CASE-DESIGNER,TERM-PER-041,REPORT_SHARE_VIEW,DENIED,授权项目的用例、AI任务、录制和相关资产范围,仍受数据范围、对象状态和接口鉴权约束
RPM-R3-0242,ROLE-CASE-DESIGNER,TERM-PER-042,MANUAL_RECORDING_TASK_VIEW,ALLOWED,授权项目的用例、AI任务、录制和相关资产范围,仍受数据范围、对象状态和接口鉴权约束
RPM-R3-0243,ROLE-CASE-DESIGNER,PDBR-PER-001,REPORT_EXPORT,DENIED,授权项目的用例、AI任务、录制和相关资产范围,仍受数据范围、对象状态和接口鉴权约束
RPM-R3-0244,ROLE-CASE-DESIGNER,PDBR-PER-002,REPORT_SHARE,DENIED,授权项目的用例、AI任务、录制和相关资产范围,仍受数据范围、对象状态和接口鉴权约束
RPM-R3-0245,ROLE-CASE-DESIGNER,PDBR-PER-003,SENSITIVE_ARTIFACT_VIEW,DENIED,授权项目的用例、AI任务、录制和相关资产范围,仍受数据范围、对象状态和接口鉴权约束
RPM-R3-0246,ROLE-CASE-DESIGNER,PDBR-PER-004,VERSION_REVIEW_SUBMIT,ALLOWED,授权项目的用例、AI任务、录制和相关资产范围,提交人不得批准本人提交；高风险操作必须审计
RPM-R3-0247,ROLE-CASE-DESIGNER,PDBR-PER-005,VERSION_REVIEW_APPROVE,DENIED,授权项目的用例、AI任务、录制和相关资产范围,提交人不得批准本人提交；高风险操作必须审计
RPM-R3-0248,ROLE-CASE-DESIGNER,PDBR-PER-006,VERSION_REVIEW_REJECT,DENIED,授权项目的用例、AI任务、录制和相关资产范围,提交人不得批准本人提交；高风险操作必须审计
RPM-R3-0249,ROLE-CASE-DESIGNER,PDBR-PER-007,VERSION_PUBLISH,DENIED,授权项目的用例、AI任务、录制和相关资产范围,提交人不得批准本人提交；高风险操作必须审计
RPM-R3-0250,ROLE-CASE-DESIGNER,PDBR-PER-008,VERSION_REVIEW_WITHDRAW,ALLOWED,授权项目的用例、AI任务、录制和相关资产范围,提交人不得批准本人提交；高风险操作必须审计
RPM-R3-0251,ROLE-ASSET-REVIEWER,TERM-PER-001,PROJECT_VIEW,ALLOWED,明确授权项目、资产类型和版本范围,仍受数据范围、对象状态和接口鉴权约束
RPM-R3-0252,ROLE-ASSET-REVIEWER,TERM-PER-002,PROJECT_CREATE,DENIED,明确授权项目、资产类型和版本范围,仍受数据范围、对象状态和接口鉴权约束
RPM-R3-0253,ROLE-ASSET-REVIEWER,TERM-PER-003,PROJECT_EDIT,DENIED,明确授权项目、资产类型和版本范围,仍受数据范围、对象状态和接口鉴权约束
RPM-R3-0254,ROLE-ASSET-REVIEWER,TERM-PER-004,PROJECT_ARCHIVE,DENIED,明确授权项目、资产类型和版本范围,仍受数据范围、对象状态和接口鉴权约束
RPM-R3-0255,ROLE-ASSET-REVIEWER,TERM-PER-005,BUSINESS_MODULE_VIEW,DENIED,明确授权项目、资产类型和版本范围,仍受数据范围、对象状态和接口鉴权约束
RPM-R3-0256,ROLE-ASSET-REVIEWER,TERM-PER-006,BUSINESS_MODULE_CREATE,DENIED,明确授权项目、资产类型和版本范围,仍受数据范围、对象状态和接口鉴权约束
RPM-R3-0257,ROLE-ASSET-REVIEWER,TERM-PER-007,BUSINESS_MODULE_EDIT,DENIED,明确授权项目、资产类型和版本范围,仍受数据范围、对象状态和接口鉴权约束
RPM-R3-0258,ROLE-ASSET-REVIEWER,TERM-PER-008,BUSINESS_MODULE_ARCHIVE,DENIED,明确授权项目、资产类型和版本范围,仍受数据范围、对象状态和接口鉴权约束
RPM-R3-0259,ROLE-ASSET-REVIEWER,TERM-PER-009,BUSINESS_TERMINAL_VIEW,DENIED,明确授权项目、资产类型和版本范围,仍受数据范围、对象状态和接口鉴权约束
RPM-R3-0260,ROLE-ASSET-REVIEWER,TERM-PER-010,BUSINESS_TERMINAL_CREATE,DENIED,明确授权项目、资产类型和版本范围,仍受数据范围、对象状态和接口鉴权约束
RPM-R3-0261,ROLE-ASSET-REVIEWER,TERM-PER-011,BUSINESS_TERMINAL_EDIT,DENIED,明确授权项目、资产类型和版本范围,仍受数据范围、对象状态和接口鉴权约束
RPM-R3-0262,ROLE-ASSET-REVIEWER,TERM-PER-012,BUSINESS_TERMINAL_ARCHIVE,DENIED,明确授权项目、资产类型和版本范围,仍受数据范围、对象状态和接口鉴权约束
RPM-R3-0263,ROLE-ASSET-REVIEWER,TERM-PER-013,CASE_SUITE_VIEW,ALLOWED,明确授权项目、资产类型和版本范围,仍受数据范围、对象状态和接口鉴权约束
RPM-R3-0264,ROLE-ASSET-REVIEWER,TERM-PER-014,CASE_SUITE_CREATE,DENIED,明确授权项目、资产类型和版本范围,仍受数据范围、对象状态和接口鉴权约束
RPM-R3-0265,ROLE-ASSET-REVIEWER,TERM-PER-015,CASE_SUITE_EDIT,DENIED,明确授权项目、资产类型和版本范围,仍受数据范围、对象状态和接口鉴权约束
RPM-R3-0266,ROLE-ASSET-REVIEWER,TERM-PER-016,RUN_TASK_CREATE,DENIED,明确授权项目、资产类型和版本范围,仍受数据范围、对象状态和接口鉴权约束
RPM-R3-0267,ROLE-ASSET-REVIEWER,TERM-PER-017,RUN_TASK_CANCEL,DENIED,明确授权项目、资产类型和版本范围,仍受数据范围、对象状态和接口鉴权约束
RPM-R3-0268,ROLE-ASSET-REVIEWER,TERM-PER-018,REPORT_VIEW,ALLOWED,明确授权项目、资产类型和版本范围,仍受数据范围、对象状态和接口鉴权约束
RPM-R3-0269,ROLE-ASSET-REVIEWER,TERM-PER-019,ARTIFACT_DOWNLOAD,DENIED,明确授权项目、资产类型和版本范围,仍受数据范围、对象状态和接口鉴权约束
RPM-R3-0270,ROLE-ASSET-REVIEWER,TERM-PER-020,AUDIT_VIEW,DENIED,明确授权项目、资产类型和版本范围,仍受数据范围、对象状态和接口鉴权约束
RPM-R3-0271,ROLE-ASSET-REVIEWER,TERM-PER-021,USER_CREATE,DENIED,明确授权项目、资产类型和版本范围,仍受数据范围、对象状态和接口鉴权约束
RPM-R3-0272,ROLE-ASSET-REVIEWER,TERM-PER-022,ROLE_BIND,DENIED,明确授权项目、资产类型和版本范围,仍受数据范围、对象状态和接口鉴权约束
RPM-R3-0273,ROLE-ASSET-REVIEWER,TERM-PER-023,PROJECT_MEMBER_MANAGE,DENIED,明确授权项目、资产类型和版本范围,仍受数据范围、对象状态和接口鉴权约束
RPM-R3-0274,ROLE-ASSET-REVIEWER,TERM-PER-024,AI_TASK_CREATE,DENIED,明确授权项目、资产类型和版本范围,仍受数据范围、对象状态和接口鉴权约束
RPM-R3-0275,ROLE-ASSET-REVIEWER,TERM-PER-025,MANUAL_RECORDING_CREATE,DENIED,明确授权项目、资产类型和版本范围,仍受数据范围、对象状态和接口鉴权约束
RPM-R3-0276,ROLE-ASSET-REVIEWER,TERM-PER-026,CONTROL_SELF,DENIED,明确授权项目、资产类型和版本范围,仍受数据范围、对象状态和接口鉴权约束
RPM-R3-0277,ROLE-ASSET-REVIEWER,TERM-PER-027,PROJECT_OWNER_ELIGIBLE,DENIED,明确授权项目、资产类型和版本范围,仍受数据范围、对象状态和接口鉴权约束
RPM-R3-0278,ROLE-ASSET-REVIEWER,TERM-PER-028,NATURAL_CASE_CREATE,DENIED,明确授权项目、资产类型和版本范围,仍受数据范围、对象状态和接口鉴权约束
RPM-R3-0279,ROLE-ASSET-REVIEWER,TERM-PER-029,MANUAL_RECORDING_VIEW,DENIED,明确授权项目、资产类型和版本范围,仍受数据范围、对象状态和接口鉴权约束
RPM-R3-0280,ROLE-ASSET-REVIEWER,TERM-PER-030,RUNNER_REGISTER,DENIED,明确授权项目、资产类型和版本范围,仍受数据范围、对象状态和接口鉴权约束
RPM-R3-0281,ROLE-ASSET-REVIEWER,TERM-PER-031,RUNNER_BIND,DENIED,明确授权项目、资产类型和版本范围,仍受数据范围、对象状态和接口鉴权约束
RPM-R3-0282,ROLE-ASSET-REVIEWER,TERM-PER-032,MODEL_CONFIGURATION_MANAGE,DENIED,明确授权项目、资产类型和版本范围,仍受数据范围、对象状态和接口鉴权约束
RPM-R3-0283,ROLE-ASSET-REVIEWER,TERM-PER-033,MODEL_VERSION_REVIEW,DENIED,明确授权项目、资产类型和版本范围,仍受数据范围、对象状态和接口鉴权约束
RPM-R3-0284,ROLE-ASSET-REVIEWER,TERM-PER-034,CROSS_PROJECT_AUTHORIZATION_MANAGE,DENIED,明确授权项目、资产类型和版本范围,仍受数据范围、对象状态和接口鉴权约束
RPM-R3-0285,ROLE-ASSET-REVIEWER,TERM-PER-035,CROSS_PROJECT_AUTHORIZATION_GRANT_ALL,DENIED,明确授权项目、资产类型和版本范围,仍受数据范围、对象状态和接口鉴权约束
RPM-R3-0286,ROLE-ASSET-REVIEWER,TERM-PER-036,TOOL_INTEGRATION_INCIDENT_MANAGE,DENIED,明确授权项目、资产类型和版本范围,仍受数据范围、对象状态和接口鉴权约束
RPM-R3-0287,ROLE-ASSET-REVIEWER,TERM-PER-037,TECHNICAL_ALERT_ENDPOINT_MANAGE,DENIED,明确授权项目、资产类型和版本范围,仍受数据范围、对象状态和接口鉴权约束
RPM-R3-0288,ROLE-ASSET-REVIEWER,TERM-PER-038,VERSION_REVIEW_VIEW,ALLOWED,明确授权项目、资产类型和版本范围,提交人不得批准本人提交；高风险操作必须审计
RPM-R3-0289,ROLE-ASSET-REVIEWER,TERM-PER-039,TEST_REPORT_VIEW,ALLOWED,明确授权项目、资产类型和版本范围,仍受数据范围、对象状态和接口鉴权约束
RPM-R3-0290,ROLE-ASSET-REVIEWER,TERM-PER-040,TEST_ARTIFACT_VIEW,DENIED,明确授权项目、资产类型和版本范围,仍受数据范围、对象状态和接口鉴权约束
RPM-R3-0291,ROLE-ASSET-REVIEWER,TERM-PER-041,REPORT_SHARE_VIEW,DENIED,明确授权项目、资产类型和版本范围,仍受数据范围、对象状态和接口鉴权约束
RPM-R3-0292,ROLE-ASSET-REVIEWER,TERM-PER-042,MANUAL_RECORDING_TASK_VIEW,DENIED,明确授权项目、资产类型和版本范围,仍受数据范围、对象状态和接口鉴权约束
RPM-R3-0293,ROLE-ASSET-REVIEWER,PDBR-PER-001,REPORT_EXPORT,DENIED,明确授权项目、资产类型和版本范围,仍受数据范围、对象状态和接口鉴权约束
RPM-R3-0294,ROLE-ASSET-REVIEWER,PDBR-PER-002,REPORT_SHARE,DENIED,明确授权项目、资产类型和版本范围,仍受数据范围、对象状态和接口鉴权约束
RPM-R3-0295,ROLE-ASSET-REVIEWER,PDBR-PER-003,SENSITIVE_ARTIFACT_VIEW,DENIED,明确授权项目、资产类型和版本范围,仍受数据范围、对象状态和接口鉴权约束
RPM-R3-0296,ROLE-ASSET-REVIEWER,PDBR-PER-004,VERSION_REVIEW_SUBMIT,DENIED,明确授权项目、资产类型和版本范围,提交人不得批准本人提交；高风险操作必须审计
RPM-R3-0297,ROLE-ASSET-REVIEWER,PDBR-PER-005,VERSION_REVIEW_APPROVE,ALLOWED,明确授权项目、资产类型和版本范围,提交人不得批准本人提交；高风险操作必须审计
RPM-R3-0298,ROLE-ASSET-REVIEWER,PDBR-PER-006,VERSION_REVIEW_REJECT,ALLOWED,明确授权项目、资产类型和版本范围,提交人不得批准本人提交；高风险操作必须审计
RPM-R3-0299,ROLE-ASSET-REVIEWER,PDBR-PER-007,VERSION_PUBLISH,ALLOWED,明确授权项目、资产类型和版本范围,提交人不得批准本人提交；高风险操作必须审计
RPM-R3-0300,ROLE-ASSET-REVIEWER,PDBR-PER-008,VERSION_REVIEW_WITHDRAW,DENIED,明确授权项目、资产类型和版本范围,提交人不得批准本人提交；高风险操作必须审计
RPM-R3-0301,ROLE-TASK-EXECUTOR,TERM-PER-001,PROJECT_VIEW,ALLOWED,授权项目、用例/套件、计划、账号映射和结果范围,仍受数据范围、对象状态和接口鉴权约束
RPM-R3-0302,ROLE-TASK-EXECUTOR,TERM-PER-002,PROJECT_CREATE,DENIED,授权项目、用例/套件、计划、账号映射和结果范围,仍受数据范围、对象状态和接口鉴权约束
RPM-R3-0303,ROLE-TASK-EXECUTOR,TERM-PER-003,PROJECT_EDIT,DENIED,授权项目、用例/套件、计划、账号映射和结果范围,仍受数据范围、对象状态和接口鉴权约束
RPM-R3-0304,ROLE-TASK-EXECUTOR,TERM-PER-004,PROJECT_ARCHIVE,DENIED,授权项目、用例/套件、计划、账号映射和结果范围,仍受数据范围、对象状态和接口鉴权约束
RPM-R3-0305,ROLE-TASK-EXECUTOR,TERM-PER-005,BUSINESS_MODULE_VIEW,DENIED,授权项目、用例/套件、计划、账号映射和结果范围,仍受数据范围、对象状态和接口鉴权约束
RPM-R3-0306,ROLE-TASK-EXECUTOR,TERM-PER-006,BUSINESS_MODULE_CREATE,DENIED,授权项目、用例/套件、计划、账号映射和结果范围,仍受数据范围、对象状态和接口鉴权约束
RPM-R3-0307,ROLE-TASK-EXECUTOR,TERM-PER-007,BUSINESS_MODULE_EDIT,DENIED,授权项目、用例/套件、计划、账号映射和结果范围,仍受数据范围、对象状态和接口鉴权约束
RPM-R3-0308,ROLE-TASK-EXECUTOR,TERM-PER-008,BUSINESS_MODULE_ARCHIVE,DENIED,授权项目、用例/套件、计划、账号映射和结果范围,仍受数据范围、对象状态和接口鉴权约束
RPM-R3-0309,ROLE-TASK-EXECUTOR,TERM-PER-009,BUSINESS_TERMINAL_VIEW,DENIED,授权项目、用例/套件、计划、账号映射和结果范围,仍受数据范围、对象状态和接口鉴权约束
RPM-R3-0310,ROLE-TASK-EXECUTOR,TERM-PER-010,BUSINESS_TERMINAL_CREATE,DENIED,授权项目、用例/套件、计划、账号映射和结果范围,仍受数据范围、对象状态和接口鉴权约束
RPM-R3-0311,ROLE-TASK-EXECUTOR,TERM-PER-011,BUSINESS_TERMINAL_EDIT,DENIED,授权项目、用例/套件、计划、账号映射和结果范围,仍受数据范围、对象状态和接口鉴权约束
RPM-R3-0312,ROLE-TASK-EXECUTOR,TERM-PER-012,BUSINESS_TERMINAL_ARCHIVE,DENIED,授权项目、用例/套件、计划、账号映射和结果范围,仍受数据范围、对象状态和接口鉴权约束
RPM-R3-0313,ROLE-TASK-EXECUTOR,TERM-PER-013,CASE_SUITE_VIEW,DENIED,授权项目、用例/套件、计划、账号映射和结果范围,仍受数据范围、对象状态和接口鉴权约束
RPM-R3-0314,ROLE-TASK-EXECUTOR,TERM-PER-014,CASE_SUITE_CREATE,DENIED,授权项目、用例/套件、计划、账号映射和结果范围,仍受数据范围、对象状态和接口鉴权约束
RPM-R3-0315,ROLE-TASK-EXECUTOR,TERM-PER-015,CASE_SUITE_EDIT,DENIED,授权项目、用例/套件、计划、账号映射和结果范围,仍受数据范围、对象状态和接口鉴权约束
RPM-R3-0316,ROLE-TASK-EXECUTOR,TERM-PER-016,RUN_TASK_CREATE,ALLOWED,授权项目、用例/套件、计划、账号映射和结果范围,仍受数据范围、对象状态和接口鉴权约束
RPM-R3-0317,ROLE-TASK-EXECUTOR,TERM-PER-017,RUN_TASK_CANCEL,ALLOWED,授权项目、用例/套件、计划、账号映射和结果范围,仍受数据范围、对象状态和接口鉴权约束
RPM-R3-0318,ROLE-TASK-EXECUTOR,TERM-PER-018,REPORT_VIEW,ALLOWED,授权项目、用例/套件、计划、账号映射和结果范围,仍受数据范围、对象状态和接口鉴权约束
RPM-R3-0319,ROLE-TASK-EXECUTOR,TERM-PER-019,ARTIFACT_DOWNLOAD,ALLOWED,授权项目、用例/套件、计划、账号映射和结果范围,仍受数据范围、对象状态和接口鉴权约束
RPM-R3-0320,ROLE-TASK-EXECUTOR,TERM-PER-020,AUDIT_VIEW,DENIED,授权项目、用例/套件、计划、账号映射和结果范围,仍受数据范围、对象状态和接口鉴权约束
RPM-R3-0321,ROLE-TASK-EXECUTOR,TERM-PER-021,USER_CREATE,DENIED,授权项目、用例/套件、计划、账号映射和结果范围,仍受数据范围、对象状态和接口鉴权约束
RPM-R3-0322,ROLE-TASK-EXECUTOR,TERM-PER-022,ROLE_BIND,DENIED,授权项目、用例/套件、计划、账号映射和结果范围,仍受数据范围、对象状态和接口鉴权约束
RPM-R3-0323,ROLE-TASK-EXECUTOR,TERM-PER-023,PROJECT_MEMBER_MANAGE,DENIED,授权项目、用例/套件、计划、账号映射和结果范围,仍受数据范围、对象状态和接口鉴权约束
RPM-R3-0324,ROLE-TASK-EXECUTOR,TERM-PER-024,AI_TASK_CREATE,DENIED,授权项目、用例/套件、计划、账号映射和结果范围,仍受数据范围、对象状态和接口鉴权约束
RPM-R3-0325,ROLE-TASK-EXECUTOR,TERM-PER-025,MANUAL_RECORDING_CREATE,ALLOWED,授权项目、用例/套件、计划、账号映射和结果范围,仍受数据范围、对象状态和接口鉴权约束
RPM-R3-0326,ROLE-TASK-EXECUTOR,TERM-PER-026,CONTROL_SELF,ALLOWED,授权项目、用例/套件、计划、账号映射和结果范围,仍受数据范围、对象状态和接口鉴权约束
RPM-R3-0327,ROLE-TASK-EXECUTOR,TERM-PER-027,PROJECT_OWNER_ELIGIBLE,DENIED,授权项目、用例/套件、计划、账号映射和结果范围,仍受数据范围、对象状态和接口鉴权约束
RPM-R3-0328,ROLE-TASK-EXECUTOR,TERM-PER-028,NATURAL_CASE_CREATE,DENIED,授权项目、用例/套件、计划、账号映射和结果范围,仍受数据范围、对象状态和接口鉴权约束
RPM-R3-0329,ROLE-TASK-EXECUTOR,TERM-PER-029,MANUAL_RECORDING_VIEW,ALLOWED,授权项目、用例/套件、计划、账号映射和结果范围,仍受数据范围、对象状态和接口鉴权约束
RPM-R3-0330,ROLE-TASK-EXECUTOR,TERM-PER-030,RUNNER_REGISTER,DENIED,授权项目、用例/套件、计划、账号映射和结果范围,仍受数据范围、对象状态和接口鉴权约束
RPM-R3-0331,ROLE-TASK-EXECUTOR,TERM-PER-031,RUNNER_BIND,DENIED,授权项目、用例/套件、计划、账号映射和结果范围,仍受数据范围、对象状态和接口鉴权约束
RPM-R3-0332,ROLE-TASK-EXECUTOR,TERM-PER-032,MODEL_CONFIGURATION_MANAGE,DENIED,授权项目、用例/套件、计划、账号映射和结果范围,仍受数据范围、对象状态和接口鉴权约束
RPM-R3-0333,ROLE-TASK-EXECUTOR,TERM-PER-033,MODEL_VERSION_REVIEW,DENIED,授权项目、用例/套件、计划、账号映射和结果范围,仍受数据范围、对象状态和接口鉴权约束
RPM-R3-0334,ROLE-TASK-EXECUTOR,TERM-PER-034,CROSS_PROJECT_AUTHORIZATION_MANAGE,DENIED,授权项目、用例/套件、计划、账号映射和结果范围,仍受数据范围、对象状态和接口鉴权约束
RPM-R3-0335,ROLE-TASK-EXECUTOR,TERM-PER-035,CROSS_PROJECT_AUTHORIZATION_GRANT_ALL,DENIED,授权项目、用例/套件、计划、账号映射和结果范围,仍受数据范围、对象状态和接口鉴权约束
RPM-R3-0336,ROLE-TASK-EXECUTOR,TERM-PER-036,TOOL_INTEGRATION_INCIDENT_MANAGE,DENIED,授权项目、用例/套件、计划、账号映射和结果范围,仍受数据范围、对象状态和接口鉴权约束
RPM-R3-0337,ROLE-TASK-EXECUTOR,TERM-PER-037,TECHNICAL_ALERT_ENDPOINT_MANAGE,DENIED,授权项目、用例/套件、计划、账号映射和结果范围,仍受数据范围、对象状态和接口鉴权约束
RPM-R3-0338,ROLE-TASK-EXECUTOR,TERM-PER-038,VERSION_REVIEW_VIEW,DENIED,授权项目、用例/套件、计划、账号映射和结果范围,提交人不得批准本人提交；高风险操作必须审计
RPM-R3-0339,ROLE-TASK-EXECUTOR,TERM-PER-039,TEST_REPORT_VIEW,ALLOWED,授权项目、用例/套件、计划、账号映射和结果范围,仍受数据范围、对象状态和接口鉴权约束
RPM-R3-0340,ROLE-TASK-EXECUTOR,TERM-PER-040,TEST_ARTIFACT_VIEW,ALLOWED,授权项目、用例/套件、计划、账号映射和结果范围,仍受数据范围、对象状态和接口鉴权约束
RPM-R3-0341,ROLE-TASK-EXECUTOR,TERM-PER-041,REPORT_SHARE_VIEW,DENIED,授权项目、用例/套件、计划、账号映射和结果范围,仍受数据范围、对象状态和接口鉴权约束
RPM-R3-0342,ROLE-TASK-EXECUTOR,TERM-PER-042,MANUAL_RECORDING_TASK_VIEW,ALLOWED,授权项目、用例/套件、计划、账号映射和结果范围,仍受数据范围、对象状态和接口鉴权约束
RPM-R3-0343,ROLE-TASK-EXECUTOR,PDBR-PER-001,REPORT_EXPORT,DENIED,授权项目、用例/套件、计划、账号映射和结果范围,仍受数据范围、对象状态和接口鉴权约束
RPM-R3-0344,ROLE-TASK-EXECUTOR,PDBR-PER-002,REPORT_SHARE,DENIED,授权项目、用例/套件、计划、账号映射和结果范围,仍受数据范围、对象状态和接口鉴权约束
RPM-R3-0345,ROLE-TASK-EXECUTOR,PDBR-PER-003,SENSITIVE_ARTIFACT_VIEW,DENIED,授权项目、用例/套件、计划、账号映射和结果范围,仍受数据范围、对象状态和接口鉴权约束
RPM-R3-0346,ROLE-TASK-EXECUTOR,PDBR-PER-004,VERSION_REVIEW_SUBMIT,DENIED,授权项目、用例/套件、计划、账号映射和结果范围,提交人不得批准本人提交；高风险操作必须审计
RPM-R3-0347,ROLE-TASK-EXECUTOR,PDBR-PER-005,VERSION_REVIEW_APPROVE,DENIED,授权项目、用例/套件、计划、账号映射和结果范围,提交人不得批准本人提交；高风险操作必须审计
RPM-R3-0348,ROLE-TASK-EXECUTOR,PDBR-PER-006,VERSION_REVIEW_REJECT,DENIED,授权项目、用例/套件、计划、账号映射和结果范围,提交人不得批准本人提交；高风险操作必须审计
RPM-R3-0349,ROLE-TASK-EXECUTOR,PDBR-PER-007,VERSION_PUBLISH,DENIED,授权项目、用例/套件、计划、账号映射和结果范围,提交人不得批准本人提交；高风险操作必须审计
RPM-R3-0350,ROLE-TASK-EXECUTOR,PDBR-PER-008,VERSION_REVIEW_WITHDRAW,DENIED,授权项目、用例/套件、计划、账号映射和结果范围,提交人不得批准本人提交；高风险操作必须审计
RPM-R3-0351,ROLE-REPORT-VIEWER,TERM-PER-001,PROJECT_VIEW,ALLOWED,动态派生的active_scope与history_read_scope,仍受数据范围、对象状态和接口鉴权约束
RPM-R3-0352,ROLE-REPORT-VIEWER,TERM-PER-002,PROJECT_CREATE,DENIED,动态派生的active_scope与history_read_scope,仍受数据范围、对象状态和接口鉴权约束
RPM-R3-0353,ROLE-REPORT-VIEWER,TERM-PER-003,PROJECT_EDIT,DENIED,动态派生的active_scope与history_read_scope,仍受数据范围、对象状态和接口鉴权约束
RPM-R3-0354,ROLE-REPORT-VIEWER,TERM-PER-004,PROJECT_ARCHIVE,DENIED,动态派生的active_scope与history_read_scope,仍受数据范围、对象状态和接口鉴权约束
RPM-R3-0355,ROLE-REPORT-VIEWER,TERM-PER-005,BUSINESS_MODULE_VIEW,DENIED,动态派生的active_scope与history_read_scope,仍受数据范围、对象状态和接口鉴权约束
RPM-R3-0356,ROLE-REPORT-VIEWER,TERM-PER-006,BUSINESS_MODULE_CREATE,DENIED,动态派生的active_scope与history_read_scope,仍受数据范围、对象状态和接口鉴权约束
RPM-R3-0357,ROLE-REPORT-VIEWER,TERM-PER-007,BUSINESS_MODULE_EDIT,DENIED,动态派生的active_scope与history_read_scope,仍受数据范围、对象状态和接口鉴权约束
RPM-R3-0358,ROLE-REPORT-VIEWER,TERM-PER-008,BUSINESS_MODULE_ARCHIVE,DENIED,动态派生的active_scope与history_read_scope,仍受数据范围、对象状态和接口鉴权约束
RPM-R3-0359,ROLE-REPORT-VIEWER,TERM-PER-009,BUSINESS_TERMINAL_VIEW,DENIED,动态派生的active_scope与history_read_scope,仍受数据范围、对象状态和接口鉴权约束
RPM-R3-0360,ROLE-REPORT-VIEWER,TERM-PER-010,BUSINESS_TERMINAL_CREATE,DENIED,动态派生的active_scope与history_read_scope,仍受数据范围、对象状态和接口鉴权约束
RPM-R3-0361,ROLE-REPORT-VIEWER,TERM-PER-011,BUSINESS_TERMINAL_EDIT,DENIED,动态派生的active_scope与history_read_scope,仍受数据范围、对象状态和接口鉴权约束
RPM-R3-0362,ROLE-REPORT-VIEWER,TERM-PER-012,BUSINESS_TERMINAL_ARCHIVE,DENIED,动态派生的active_scope与history_read_scope,仍受数据范围、对象状态和接口鉴权约束
RPM-R3-0363,ROLE-REPORT-VIEWER,TERM-PER-013,CASE_SUITE_VIEW,DENIED,动态派生的active_scope与history_read_scope,仍受数据范围、对象状态和接口鉴权约束
RPM-R3-0364,ROLE-REPORT-VIEWER,TERM-PER-014,CASE_SUITE_CREATE,DENIED,动态派生的active_scope与history_read_scope,仍受数据范围、对象状态和接口鉴权约束
RPM-R3-0365,ROLE-REPORT-VIEWER,TERM-PER-015,CASE_SUITE_EDIT,DENIED,动态派生的active_scope与history_read_scope,仍受数据范围、对象状态和接口鉴权约束
RPM-R3-0366,ROLE-REPORT-VIEWER,TERM-PER-016,RUN_TASK_CREATE,DENIED,动态派生的active_scope与history_read_scope,仍受数据范围、对象状态和接口鉴权约束
RPM-R3-0367,ROLE-REPORT-VIEWER,TERM-PER-017,RUN_TASK_CANCEL,DENIED,动态派生的active_scope与history_read_scope,仍受数据范围、对象状态和接口鉴权约束
RPM-R3-0368,ROLE-REPORT-VIEWER,TERM-PER-018,REPORT_VIEW,ALLOWED,动态派生的active_scope与history_read_scope,仍受数据范围、对象状态和接口鉴权约束
RPM-R3-0369,ROLE-REPORT-VIEWER,TERM-PER-019,ARTIFACT_DOWNLOAD,ALLOWED,动态派生的active_scope与history_read_scope,仍受数据范围、对象状态和接口鉴权约束
RPM-R3-0370,ROLE-REPORT-VIEWER,TERM-PER-020,AUDIT_VIEW,DENIED,动态派生的active_scope与history_read_scope,仍受数据范围、对象状态和接口鉴权约束
RPM-R3-0371,ROLE-REPORT-VIEWER,TERM-PER-021,USER_CREATE,DENIED,动态派生的active_scope与history_read_scope,仍受数据范围、对象状态和接口鉴权约束
RPM-R3-0372,ROLE-REPORT-VIEWER,TERM-PER-022,ROLE_BIND,DENIED,动态派生的active_scope与history_read_scope,仍受数据范围、对象状态和接口鉴权约束
RPM-R3-0373,ROLE-REPORT-VIEWER,TERM-PER-023,PROJECT_MEMBER_MANAGE,DENIED,动态派生的active_scope与history_read_scope,仍受数据范围、对象状态和接口鉴权约束
RPM-R3-0374,ROLE-REPORT-VIEWER,TERM-PER-024,AI_TASK_CREATE,DENIED,动态派生的active_scope与history_read_scope,仍受数据范围、对象状态和接口鉴权约束
RPM-R3-0375,ROLE-REPORT-VIEWER,TERM-PER-025,MANUAL_RECORDING_CREATE,DENIED,动态派生的active_scope与history_read_scope,仍受数据范围、对象状态和接口鉴权约束
RPM-R3-0376,ROLE-REPORT-VIEWER,TERM-PER-026,CONTROL_SELF,DENIED,动态派生的active_scope与history_read_scope,仍受数据范围、对象状态和接口鉴权约束
RPM-R3-0377,ROLE-REPORT-VIEWER,TERM-PER-027,PROJECT_OWNER_ELIGIBLE,DENIED,动态派生的active_scope与history_read_scope,仍受数据范围、对象状态和接口鉴权约束
RPM-R3-0378,ROLE-REPORT-VIEWER,TERM-PER-028,NATURAL_CASE_CREATE,DENIED,动态派生的active_scope与history_read_scope,仍受数据范围、对象状态和接口鉴权约束
RPM-R3-0379,ROLE-REPORT-VIEWER,TERM-PER-029,MANUAL_RECORDING_VIEW,ALLOWED,动态派生的active_scope与history_read_scope,仍受数据范围、对象状态和接口鉴权约束
RPM-R3-0380,ROLE-REPORT-VIEWER,TERM-PER-030,RUNNER_REGISTER,DENIED,动态派生的active_scope与history_read_scope,仍受数据范围、对象状态和接口鉴权约束
RPM-R3-0381,ROLE-REPORT-VIEWER,TERM-PER-031,RUNNER_BIND,DENIED,动态派生的active_scope与history_read_scope,仍受数据范围、对象状态和接口鉴权约束
RPM-R3-0382,ROLE-REPORT-VIEWER,TERM-PER-032,MODEL_CONFIGURATION_MANAGE,DENIED,动态派生的active_scope与history_read_scope,仍受数据范围、对象状态和接口鉴权约束
RPM-R3-0383,ROLE-REPORT-VIEWER,TERM-PER-033,MODEL_VERSION_REVIEW,DENIED,动态派生的active_scope与history_read_scope,仍受数据范围、对象状态和接口鉴权约束
RPM-R3-0384,ROLE-REPORT-VIEWER,TERM-PER-034,CROSS_PROJECT_AUTHORIZATION_MANAGE,DENIED,动态派生的active_scope与history_read_scope,仍受数据范围、对象状态和接口鉴权约束
RPM-R3-0385,ROLE-REPORT-VIEWER,TERM-PER-035,CROSS_PROJECT_AUTHORIZATION_GRANT_ALL,DENIED,动态派生的active_scope与history_read_scope,仍受数据范围、对象状态和接口鉴权约束
RPM-R3-0386,ROLE-REPORT-VIEWER,TERM-PER-036,TOOL_INTEGRATION_INCIDENT_MANAGE,DENIED,动态派生的active_scope与history_read_scope,仍受数据范围、对象状态和接口鉴权约束
RPM-R3-0387,ROLE-REPORT-VIEWER,TERM-PER-037,TECHNICAL_ALERT_ENDPOINT_MANAGE,DENIED,动态派生的active_scope与history_read_scope,仍受数据范围、对象状态和接口鉴权约束
RPM-R3-0388,ROLE-REPORT-VIEWER,TERM-PER-038,VERSION_REVIEW_VIEW,ALLOWED,动态派生的active_scope与history_read_scope,提交人不得批准本人提交；高风险操作必须审计
RPM-R3-0389,ROLE-REPORT-VIEWER,TERM-PER-039,TEST_REPORT_VIEW,ALLOWED,动态派生的active_scope与history_read_scope,仍受数据范围、对象状态和接口鉴权约束
RPM-R3-0390,ROLE-REPORT-VIEWER,TERM-PER-040,TEST_ARTIFACT_VIEW,ALLOWED,动态派生的active_scope与history_read_scope,仍受数据范围、对象状态和接口鉴权约束
RPM-R3-0391,ROLE-REPORT-VIEWER,TERM-PER-041,REPORT_SHARE_VIEW,ALLOWED,动态派生的active_scope与history_read_scope,仍受数据范围、对象状态和接口鉴权约束
RPM-R3-0392,ROLE-REPORT-VIEWER,TERM-PER-042,MANUAL_RECORDING_TASK_VIEW,ALLOWED,动态派生的active_scope与history_read_scope,仍受数据范围、对象状态和接口鉴权约束
RPM-R3-0393,ROLE-REPORT-VIEWER,PDBR-PER-001,REPORT_EXPORT,ALLOWED,动态派生的active_scope与history_read_scope,仍受数据范围、对象状态和接口鉴权约束
RPM-R3-0394,ROLE-REPORT-VIEWER,PDBR-PER-002,REPORT_SHARE,ALLOWED,动态派生的active_scope与history_read_scope,仍受数据范围、对象状态和接口鉴权约束
RPM-R3-0395,ROLE-REPORT-VIEWER,PDBR-PER-003,SENSITIVE_ARTIFACT_VIEW,DENIED,动态派生的active_scope与history_read_scope,仍受数据范围、对象状态和接口鉴权约束
RPM-R3-0396,ROLE-REPORT-VIEWER,PDBR-PER-004,VERSION_REVIEW_SUBMIT,DENIED,动态派生的active_scope与history_read_scope,提交人不得批准本人提交；高风险操作必须审计
RPM-R3-0397,ROLE-REPORT-VIEWER,PDBR-PER-005,VERSION_REVIEW_APPROVE,DENIED,动态派生的active_scope与history_read_scope,提交人不得批准本人提交；高风险操作必须审计
RPM-R3-0398,ROLE-REPORT-VIEWER,PDBR-PER-006,VERSION_REVIEW_REJECT,DENIED,动态派生的active_scope与history_read_scope,提交人不得批准本人提交；高风险操作必须审计
RPM-R3-0399,ROLE-REPORT-VIEWER,PDBR-PER-007,VERSION_PUBLISH,DENIED,动态派生的active_scope与history_read_scope,提交人不得批准本人提交；高风险操作必须审计
RPM-R3-0400,ROLE-REPORT-VIEWER,PDBR-PER-008,VERSION_REVIEW_WITHDRAW,DENIED,动态派生的active_scope与history_read_scope,提交人不得批准本人提交；高风险操作必须审计
RPM-R3-0401,ROLE-MODEL-ADMIN,TERM-PER-001,PROJECT_VIEW,DENIED,平台模型技术数据；项目业务内容按项目成员与范围校验,仍受数据范围、对象状态和接口鉴权约束
RPM-R3-0402,ROLE-MODEL-ADMIN,TERM-PER-002,PROJECT_CREATE,DENIED,平台模型技术数据；项目业务内容按项目成员与范围校验,仍受数据范围、对象状态和接口鉴权约束
RPM-R3-0403,ROLE-MODEL-ADMIN,TERM-PER-003,PROJECT_EDIT,DENIED,平台模型技术数据；项目业务内容按项目成员与范围校验,仍受数据范围、对象状态和接口鉴权约束
RPM-R3-0404,ROLE-MODEL-ADMIN,TERM-PER-004,PROJECT_ARCHIVE,DENIED,平台模型技术数据；项目业务内容按项目成员与范围校验,仍受数据范围、对象状态和接口鉴权约束
RPM-R3-0405,ROLE-MODEL-ADMIN,TERM-PER-005,BUSINESS_MODULE_VIEW,DENIED,平台模型技术数据；项目业务内容按项目成员与范围校验,仍受数据范围、对象状态和接口鉴权约束
RPM-R3-0406,ROLE-MODEL-ADMIN,TERM-PER-006,BUSINESS_MODULE_CREATE,DENIED,平台模型技术数据；项目业务内容按项目成员与范围校验,仍受数据范围、对象状态和接口鉴权约束
RPM-R3-0407,ROLE-MODEL-ADMIN,TERM-PER-007,BUSINESS_MODULE_EDIT,DENIED,平台模型技术数据；项目业务内容按项目成员与范围校验,仍受数据范围、对象状态和接口鉴权约束
RPM-R3-0408,ROLE-MODEL-ADMIN,TERM-PER-008,BUSINESS_MODULE_ARCHIVE,DENIED,平台模型技术数据；项目业务内容按项目成员与范围校验,仍受数据范围、对象状态和接口鉴权约束
RPM-R3-0409,ROLE-MODEL-ADMIN,TERM-PER-009,BUSINESS_TERMINAL_VIEW,DENIED,平台模型技术数据；项目业务内容按项目成员与范围校验,仍受数据范围、对象状态和接口鉴权约束
RPM-R3-0410,ROLE-MODEL-ADMIN,TERM-PER-010,BUSINESS_TERMINAL_CREATE,DENIED,平台模型技术数据；项目业务内容按项目成员与范围校验,仍受数据范围、对象状态和接口鉴权约束
RPM-R3-0411,ROLE-MODEL-ADMIN,TERM-PER-011,BUSINESS_TERMINAL_EDIT,DENIED,平台模型技术数据；项目业务内容按项目成员与范围校验,仍受数据范围、对象状态和接口鉴权约束
RPM-R3-0412,ROLE-MODEL-ADMIN,TERM-PER-012,BUSINESS_TERMINAL_ARCHIVE,DENIED,平台模型技术数据；项目业务内容按项目成员与范围校验,仍受数据范围、对象状态和接口鉴权约束
RPM-R3-0413,ROLE-MODEL-ADMIN,TERM-PER-013,CASE_SUITE_VIEW,DENIED,平台模型技术数据；项目业务内容按项目成员与范围校验,仍受数据范围、对象状态和接口鉴权约束
RPM-R3-0414,ROLE-MODEL-ADMIN,TERM-PER-014,CASE_SUITE_CREATE,DENIED,平台模型技术数据；项目业务内容按项目成员与范围校验,仍受数据范围、对象状态和接口鉴权约束
RPM-R3-0415,ROLE-MODEL-ADMIN,TERM-PER-015,CASE_SUITE_EDIT,DENIED,平台模型技术数据；项目业务内容按项目成员与范围校验,仍受数据范围、对象状态和接口鉴权约束
RPM-R3-0416,ROLE-MODEL-ADMIN,TERM-PER-016,RUN_TASK_CREATE,DENIED,平台模型技术数据；项目业务内容按项目成员与范围校验,仍受数据范围、对象状态和接口鉴权约束
RPM-R3-0417,ROLE-MODEL-ADMIN,TERM-PER-017,RUN_TASK_CANCEL,DENIED,平台模型技术数据；项目业务内容按项目成员与范围校验,仍受数据范围、对象状态和接口鉴权约束
RPM-R3-0418,ROLE-MODEL-ADMIN,TERM-PER-018,REPORT_VIEW,DENIED,平台模型技术数据；项目业务内容按项目成员与范围校验,仍受数据范围、对象状态和接口鉴权约束
RPM-R3-0419,ROLE-MODEL-ADMIN,TERM-PER-019,ARTIFACT_DOWNLOAD,DENIED,平台模型技术数据；项目业务内容按项目成员与范围校验,仍受数据范围、对象状态和接口鉴权约束
RPM-R3-0420,ROLE-MODEL-ADMIN,TERM-PER-020,AUDIT_VIEW,ALLOWED,平台模型技术数据；项目业务内容按项目成员与范围校验,仍受数据范围、对象状态和接口鉴权约束
RPM-R3-0421,ROLE-MODEL-ADMIN,TERM-PER-021,USER_CREATE,DENIED,平台模型技术数据；项目业务内容按项目成员与范围校验,仍受数据范围、对象状态和接口鉴权约束
RPM-R3-0422,ROLE-MODEL-ADMIN,TERM-PER-022,ROLE_BIND,DENIED,平台模型技术数据；项目业务内容按项目成员与范围校验,仍受数据范围、对象状态和接口鉴权约束
RPM-R3-0423,ROLE-MODEL-ADMIN,TERM-PER-023,PROJECT_MEMBER_MANAGE,DENIED,平台模型技术数据；项目业务内容按项目成员与范围校验,仍受数据范围、对象状态和接口鉴权约束
RPM-R3-0424,ROLE-MODEL-ADMIN,TERM-PER-024,AI_TASK_CREATE,DENIED,平台模型技术数据；项目业务内容按项目成员与范围校验,仍受数据范围、对象状态和接口鉴权约束
RPM-R3-0425,ROLE-MODEL-ADMIN,TERM-PER-025,MANUAL_RECORDING_CREATE,DENIED,平台模型技术数据；项目业务内容按项目成员与范围校验,仍受数据范围、对象状态和接口鉴权约束
RPM-R3-0426,ROLE-MODEL-ADMIN,TERM-PER-026,CONTROL_SELF,DENIED,平台模型技术数据；项目业务内容按项目成员与范围校验,仍受数据范围、对象状态和接口鉴权约束
RPM-R3-0427,ROLE-MODEL-ADMIN,TERM-PER-027,PROJECT_OWNER_ELIGIBLE,DENIED,平台模型技术数据；项目业务内容按项目成员与范围校验,仍受数据范围、对象状态和接口鉴权约束
RPM-R3-0428,ROLE-MODEL-ADMIN,TERM-PER-028,NATURAL_CASE_CREATE,DENIED,平台模型技术数据；项目业务内容按项目成员与范围校验,仍受数据范围、对象状态和接口鉴权约束
RPM-R3-0429,ROLE-MODEL-ADMIN,TERM-PER-029,MANUAL_RECORDING_VIEW,DENIED,平台模型技术数据；项目业务内容按项目成员与范围校验,仍受数据范围、对象状态和接口鉴权约束
RPM-R3-0430,ROLE-MODEL-ADMIN,TERM-PER-030,RUNNER_REGISTER,DENIED,平台模型技术数据；项目业务内容按项目成员与范围校验,仍受数据范围、对象状态和接口鉴权约束
RPM-R3-0431,ROLE-MODEL-ADMIN,TERM-PER-031,RUNNER_BIND,DENIED,平台模型技术数据；项目业务内容按项目成员与范围校验,仍受数据范围、对象状态和接口鉴权约束
RPM-R3-0432,ROLE-MODEL-ADMIN,TERM-PER-032,MODEL_CONFIGURATION_MANAGE,ALLOWED,平台模型技术数据；项目业务内容按项目成员与范围校验,仍受数据范围、对象状态和接口鉴权约束
RPM-R3-0433,ROLE-MODEL-ADMIN,TERM-PER-033,MODEL_VERSION_REVIEW,DENIED,平台模型技术数据；项目业务内容按项目成员与范围校验,仍受数据范围、对象状态和接口鉴权约束
RPM-R3-0434,ROLE-MODEL-ADMIN,TERM-PER-034,CROSS_PROJECT_AUTHORIZATION_MANAGE,DENIED,平台模型技术数据；项目业务内容按项目成员与范围校验,仍受数据范围、对象状态和接口鉴权约束
RPM-R3-0435,ROLE-MODEL-ADMIN,TERM-PER-035,CROSS_PROJECT_AUTHORIZATION_GRANT_ALL,DENIED,平台模型技术数据；项目业务内容按项目成员与范围校验,仍受数据范围、对象状态和接口鉴权约束
RPM-R3-0436,ROLE-MODEL-ADMIN,TERM-PER-036,TOOL_INTEGRATION_INCIDENT_MANAGE,ALLOWED,平台模型技术数据；项目业务内容按项目成员与范围校验,仍受数据范围、对象状态和接口鉴权约束
RPM-R3-0437,ROLE-MODEL-ADMIN,TERM-PER-037,TECHNICAL_ALERT_ENDPOINT_MANAGE,ALLOWED,平台模型技术数据；项目业务内容按项目成员与范围校验,仍受数据范围、对象状态和接口鉴权约束
RPM-R3-0438,ROLE-MODEL-ADMIN,TERM-PER-038,VERSION_REVIEW_VIEW,DENIED,平台模型技术数据；项目业务内容按项目成员与范围校验,提交人不得批准本人提交；高风险操作必须审计
RPM-R3-0439,ROLE-MODEL-ADMIN,TERM-PER-039,TEST_REPORT_VIEW,DENIED,平台模型技术数据；项目业务内容按项目成员与范围校验,仍受数据范围、对象状态和接口鉴权约束
RPM-R3-0440,ROLE-MODEL-ADMIN,TERM-PER-040,TEST_ARTIFACT_VIEW,DENIED,平台模型技术数据；项目业务内容按项目成员与范围校验,仍受数据范围、对象状态和接口鉴权约束
RPM-R3-0441,ROLE-MODEL-ADMIN,TERM-PER-041,REPORT_SHARE_VIEW,DENIED,平台模型技术数据；项目业务内容按项目成员与范围校验,仍受数据范围、对象状态和接口鉴权约束
RPM-R3-0442,ROLE-MODEL-ADMIN,TERM-PER-042,MANUAL_RECORDING_TASK_VIEW,DENIED,平台模型技术数据；项目业务内容按项目成员与范围校验,仍受数据范围、对象状态和接口鉴权约束
RPM-R3-0443,ROLE-MODEL-ADMIN,PDBR-PER-001,REPORT_EXPORT,DENIED,平台模型技术数据；项目业务内容按项目成员与范围校验,仍受数据范围、对象状态和接口鉴权约束
RPM-R3-0444,ROLE-MODEL-ADMIN,PDBR-PER-002,REPORT_SHARE,DENIED,平台模型技术数据；项目业务内容按项目成员与范围校验,仍受数据范围、对象状态和接口鉴权约束
RPM-R3-0445,ROLE-MODEL-ADMIN,PDBR-PER-003,SENSITIVE_ARTIFACT_VIEW,DENIED,平台模型技术数据；项目业务内容按项目成员与范围校验,仍受数据范围、对象状态和接口鉴权约束
RPM-R3-0446,ROLE-MODEL-ADMIN,PDBR-PER-004,VERSION_REVIEW_SUBMIT,DENIED,平台模型技术数据；项目业务内容按项目成员与范围校验,提交人不得批准本人提交；高风险操作必须审计
RPM-R3-0447,ROLE-MODEL-ADMIN,PDBR-PER-005,VERSION_REVIEW_APPROVE,DENIED,平台模型技术数据；项目业务内容按项目成员与范围校验,提交人不得批准本人提交；高风险操作必须审计
RPM-R3-0448,ROLE-MODEL-ADMIN,PDBR-PER-006,VERSION_REVIEW_REJECT,DENIED,平台模型技术数据；项目业务内容按项目成员与范围校验,提交人不得批准本人提交；高风险操作必须审计
RPM-R3-0449,ROLE-MODEL-ADMIN,PDBR-PER-007,VERSION_PUBLISH,DENIED,平台模型技术数据；项目业务内容按项目成员与范围校验,提交人不得批准本人提交；高风险操作必须审计
RPM-R3-0450,ROLE-MODEL-ADMIN,PDBR-PER-008,VERSION_REVIEW_WITHDRAW,DENIED,平台模型技术数据；项目业务内容按项目成员与范围校验,提交人不得批准本人提交；高风险操作必须审计
RPM-R3-0451,ROLE-RUNNER-ADMIN,TERM-PER-001,PROJECT_VIEW,DENIED,Runner技术数据；项目业务数据须另有项目成员权限,仍受数据范围、对象状态和接口鉴权约束
RPM-R3-0452,ROLE-RUNNER-ADMIN,TERM-PER-002,PROJECT_CREATE,DENIED,Runner技术数据；项目业务数据须另有项目成员权限,仍受数据范围、对象状态和接口鉴权约束
RPM-R3-0453,ROLE-RUNNER-ADMIN,TERM-PER-003,PROJECT_EDIT,DENIED,Runner技术数据；项目业务数据须另有项目成员权限,仍受数据范围、对象状态和接口鉴权约束
RPM-R3-0454,ROLE-RUNNER-ADMIN,TERM-PER-004,PROJECT_ARCHIVE,DENIED,Runner技术数据；项目业务数据须另有项目成员权限,仍受数据范围、对象状态和接口鉴权约束
RPM-R3-0455,ROLE-RUNNER-ADMIN,TERM-PER-005,BUSINESS_MODULE_VIEW,DENIED,Runner技术数据；项目业务数据须另有项目成员权限,仍受数据范围、对象状态和接口鉴权约束
RPM-R3-0456,ROLE-RUNNER-ADMIN,TERM-PER-006,BUSINESS_MODULE_CREATE,DENIED,Runner技术数据；项目业务数据须另有项目成员权限,仍受数据范围、对象状态和接口鉴权约束
RPM-R3-0457,ROLE-RUNNER-ADMIN,TERM-PER-007,BUSINESS_MODULE_EDIT,DENIED,Runner技术数据；项目业务数据须另有项目成员权限,仍受数据范围、对象状态和接口鉴权约束
RPM-R3-0458,ROLE-RUNNER-ADMIN,TERM-PER-008,BUSINESS_MODULE_ARCHIVE,DENIED,Runner技术数据；项目业务数据须另有项目成员权限,仍受数据范围、对象状态和接口鉴权约束
RPM-R3-0459,ROLE-RUNNER-ADMIN,TERM-PER-009,BUSINESS_TERMINAL_VIEW,DENIED,Runner技术数据；项目业务数据须另有项目成员权限,仍受数据范围、对象状态和接口鉴权约束
RPM-R3-0460,ROLE-RUNNER-ADMIN,TERM-PER-010,BUSINESS_TERMINAL_CREATE,DENIED,Runner技术数据；项目业务数据须另有项目成员权限,仍受数据范围、对象状态和接口鉴权约束
RPM-R3-0461,ROLE-RUNNER-ADMIN,TERM-PER-011,BUSINESS_TERMINAL_EDIT,DENIED,Runner技术数据；项目业务数据须另有项目成员权限,仍受数据范围、对象状态和接口鉴权约束
RPM-R3-0462,ROLE-RUNNER-ADMIN,TERM-PER-012,BUSINESS_TERMINAL_ARCHIVE,DENIED,Runner技术数据；项目业务数据须另有项目成员权限,仍受数据范围、对象状态和接口鉴权约束
RPM-R3-0463,ROLE-RUNNER-ADMIN,TERM-PER-013,CASE_SUITE_VIEW,DENIED,Runner技术数据；项目业务数据须另有项目成员权限,仍受数据范围、对象状态和接口鉴权约束
RPM-R3-0464,ROLE-RUNNER-ADMIN,TERM-PER-014,CASE_SUITE_CREATE,DENIED,Runner技术数据；项目业务数据须另有项目成员权限,仍受数据范围、对象状态和接口鉴权约束
RPM-R3-0465,ROLE-RUNNER-ADMIN,TERM-PER-015,CASE_SUITE_EDIT,DENIED,Runner技术数据；项目业务数据须另有项目成员权限,仍受数据范围、对象状态和接口鉴权约束
RPM-R3-0466,ROLE-RUNNER-ADMIN,TERM-PER-016,RUN_TASK_CREATE,DENIED,Runner技术数据；项目业务数据须另有项目成员权限,仍受数据范围、对象状态和接口鉴权约束
RPM-R3-0467,ROLE-RUNNER-ADMIN,TERM-PER-017,RUN_TASK_CANCEL,DENIED,Runner技术数据；项目业务数据须另有项目成员权限,仍受数据范围、对象状态和接口鉴权约束
RPM-R3-0468,ROLE-RUNNER-ADMIN,TERM-PER-018,REPORT_VIEW,DENIED,Runner技术数据；项目业务数据须另有项目成员权限,仍受数据范围、对象状态和接口鉴权约束
RPM-R3-0469,ROLE-RUNNER-ADMIN,TERM-PER-019,ARTIFACT_DOWNLOAD,DENIED,Runner技术数据；项目业务数据须另有项目成员权限,仍受数据范围、对象状态和接口鉴权约束
RPM-R3-0470,ROLE-RUNNER-ADMIN,TERM-PER-020,AUDIT_VIEW,ALLOWED,Runner技术数据；项目业务数据须另有项目成员权限,仍受数据范围、对象状态和接口鉴权约束
RPM-R3-0471,ROLE-RUNNER-ADMIN,TERM-PER-021,USER_CREATE,DENIED,Runner技术数据；项目业务数据须另有项目成员权限,仍受数据范围、对象状态和接口鉴权约束
RPM-R3-0472,ROLE-RUNNER-ADMIN,TERM-PER-022,ROLE_BIND,DENIED,Runner技术数据；项目业务数据须另有项目成员权限,仍受数据范围、对象状态和接口鉴权约束
RPM-R3-0473,ROLE-RUNNER-ADMIN,TERM-PER-023,PROJECT_MEMBER_MANAGE,DENIED,Runner技术数据；项目业务数据须另有项目成员权限,仍受数据范围、对象状态和接口鉴权约束
RPM-R3-0474,ROLE-RUNNER-ADMIN,TERM-PER-024,AI_TASK_CREATE,DENIED,Runner技术数据；项目业务数据须另有项目成员权限,仍受数据范围、对象状态和接口鉴权约束
RPM-R3-0475,ROLE-RUNNER-ADMIN,TERM-PER-025,MANUAL_RECORDING_CREATE,DENIED,Runner技术数据；项目业务数据须另有项目成员权限,仍受数据范围、对象状态和接口鉴权约束
RPM-R3-0476,ROLE-RUNNER-ADMIN,TERM-PER-026,CONTROL_SELF,DENIED,Runner技术数据；项目业务数据须另有项目成员权限,仍受数据范围、对象状态和接口鉴权约束
RPM-R3-0477,ROLE-RUNNER-ADMIN,TERM-PER-027,PROJECT_OWNER_ELIGIBLE,DENIED,Runner技术数据；项目业务数据须另有项目成员权限,仍受数据范围、对象状态和接口鉴权约束
RPM-R3-0478,ROLE-RUNNER-ADMIN,TERM-PER-028,NATURAL_CASE_CREATE,DENIED,Runner技术数据；项目业务数据须另有项目成员权限,仍受数据范围、对象状态和接口鉴权约束
RPM-R3-0479,ROLE-RUNNER-ADMIN,TERM-PER-029,MANUAL_RECORDING_VIEW,DENIED,Runner技术数据；项目业务数据须另有项目成员权限,仍受数据范围、对象状态和接口鉴权约束
RPM-R3-0480,ROLE-RUNNER-ADMIN,TERM-PER-030,RUNNER_REGISTER,ALLOWED,Runner技术数据；项目业务数据须另有项目成员权限,仍受数据范围、对象状态和接口鉴权约束
RPM-R3-0481,ROLE-RUNNER-ADMIN,TERM-PER-031,RUNNER_BIND,ALLOWED,Runner技术数据；项目业务数据须另有项目成员权限,仍受数据范围、对象状态和接口鉴权约束
RPM-R3-0482,ROLE-RUNNER-ADMIN,TERM-PER-032,MODEL_CONFIGURATION_MANAGE,DENIED,Runner技术数据；项目业务数据须另有项目成员权限,仍受数据范围、对象状态和接口鉴权约束
RPM-R3-0483,ROLE-RUNNER-ADMIN,TERM-PER-033,MODEL_VERSION_REVIEW,DENIED,Runner技术数据；项目业务数据须另有项目成员权限,仍受数据范围、对象状态和接口鉴权约束
RPM-R3-0484,ROLE-RUNNER-ADMIN,TERM-PER-034,CROSS_PROJECT_AUTHORIZATION_MANAGE,DENIED,Runner技术数据；项目业务数据须另有项目成员权限,仍受数据范围、对象状态和接口鉴权约束
RPM-R3-0485,ROLE-RUNNER-ADMIN,TERM-PER-035,CROSS_PROJECT_AUTHORIZATION_GRANT_ALL,DENIED,Runner技术数据；项目业务数据须另有项目成员权限,仍受数据范围、对象状态和接口鉴权约束
RPM-R3-0486,ROLE-RUNNER-ADMIN,TERM-PER-036,TOOL_INTEGRATION_INCIDENT_MANAGE,ALLOWED,Runner技术数据；项目业务数据须另有项目成员权限,仍受数据范围、对象状态和接口鉴权约束
RPM-R3-0487,ROLE-RUNNER-ADMIN,TERM-PER-037,TECHNICAL_ALERT_ENDPOINT_MANAGE,DENIED,Runner技术数据；项目业务数据须另有项目成员权限,仍受数据范围、对象状态和接口鉴权约束
RPM-R3-0488,ROLE-RUNNER-ADMIN,TERM-PER-038,VERSION_REVIEW_VIEW,DENIED,Runner技术数据；项目业务数据须另有项目成员权限,提交人不得批准本人提交；高风险操作必须审计
RPM-R3-0489,ROLE-RUNNER-ADMIN,TERM-PER-039,TEST_REPORT_VIEW,DENIED,Runner技术数据；项目业务数据须另有项目成员权限,仍受数据范围、对象状态和接口鉴权约束
RPM-R3-0490,ROLE-RUNNER-ADMIN,TERM-PER-040,TEST_ARTIFACT_VIEW,DENIED,Runner技术数据；项目业务数据须另有项目成员权限,仍受数据范围、对象状态和接口鉴权约束
RPM-R3-0491,ROLE-RUNNER-ADMIN,TERM-PER-041,REPORT_SHARE_VIEW,DENIED,Runner技术数据；项目业务数据须另有项目成员权限,仍受数据范围、对象状态和接口鉴权约束
RPM-R3-0492,ROLE-RUNNER-ADMIN,TERM-PER-042,MANUAL_RECORDING_TASK_VIEW,DENIED,Runner技术数据；项目业务数据须另有项目成员权限,仍受数据范围、对象状态和接口鉴权约束
RPM-R3-0493,ROLE-RUNNER-ADMIN,PDBR-PER-001,REPORT_EXPORT,DENIED,Runner技术数据；项目业务数据须另有项目成员权限,仍受数据范围、对象状态和接口鉴权约束
RPM-R3-0494,ROLE-RUNNER-ADMIN,PDBR-PER-002,REPORT_SHARE,DENIED,Runner技术数据；项目业务数据须另有项目成员权限,仍受数据范围、对象状态和接口鉴权约束
RPM-R3-0495,ROLE-RUNNER-ADMIN,PDBR-PER-003,SENSITIVE_ARTIFACT_VIEW,DENIED,Runner技术数据；项目业务数据须另有项目成员权限,仍受数据范围、对象状态和接口鉴权约束
RPM-R3-0496,ROLE-RUNNER-ADMIN,PDBR-PER-004,VERSION_REVIEW_SUBMIT,DENIED,Runner技术数据；项目业务数据须另有项目成员权限,提交人不得批准本人提交；高风险操作必须审计
RPM-R3-0497,ROLE-RUNNER-ADMIN,PDBR-PER-005,VERSION_REVIEW_APPROVE,DENIED,Runner技术数据；项目业务数据须另有项目成员权限,提交人不得批准本人提交；高风险操作必须审计
RPM-R3-0498,ROLE-RUNNER-ADMIN,PDBR-PER-006,VERSION_REVIEW_REJECT,DENIED,Runner技术数据；项目业务数据须另有项目成员权限,提交人不得批准本人提交；高风险操作必须审计
RPM-R3-0499,ROLE-RUNNER-ADMIN,PDBR-PER-007,VERSION_PUBLISH,DENIED,Runner技术数据；项目业务数据须另有项目成员权限,提交人不得批准本人提交；高风险操作必须审计
RPM-R3-0500,ROLE-RUNNER-ADMIN,PDBR-PER-008,VERSION_REVIEW_WITHDRAW,DENIED,Runner技术数据；项目业务数据须另有项目成员权限,提交人不得批准本人提交；高风险操作必须审计
RPM-R3-0501,ROLE-MODEL-REVIEWER,TERM-PER-001,PROJECT_VIEW,DENIED,平台级模型版本审核范围；项目业务内容仍按项目数据权限,仍受数据范围、对象状态和接口鉴权约束
RPM-R3-0502,ROLE-MODEL-REVIEWER,TERM-PER-002,PROJECT_CREATE,DENIED,平台级模型版本审核范围；项目业务内容仍按项目数据权限,仍受数据范围、对象状态和接口鉴权约束
RPM-R3-0503,ROLE-MODEL-REVIEWER,TERM-PER-003,PROJECT_EDIT,DENIED,平台级模型版本审核范围；项目业务内容仍按项目数据权限,仍受数据范围、对象状态和接口鉴权约束
RPM-R3-0504,ROLE-MODEL-REVIEWER,TERM-PER-004,PROJECT_ARCHIVE,DENIED,平台级模型版本审核范围；项目业务内容仍按项目数据权限,仍受数据范围、对象状态和接口鉴权约束
RPM-R3-0505,ROLE-MODEL-REVIEWER,TERM-PER-005,BUSINESS_MODULE_VIEW,DENIED,平台级模型版本审核范围；项目业务内容仍按项目数据权限,仍受数据范围、对象状态和接口鉴权约束
RPM-R3-0506,ROLE-MODEL-REVIEWER,TERM-PER-006,BUSINESS_MODULE_CREATE,DENIED,平台级模型版本审核范围；项目业务内容仍按项目数据权限,仍受数据范围、对象状态和接口鉴权约束
RPM-R3-0507,ROLE-MODEL-REVIEWER,TERM-PER-007,BUSINESS_MODULE_EDIT,DENIED,平台级模型版本审核范围；项目业务内容仍按项目数据权限,仍受数据范围、对象状态和接口鉴权约束
RPM-R3-0508,ROLE-MODEL-REVIEWER,TERM-PER-008,BUSINESS_MODULE_ARCHIVE,DENIED,平台级模型版本审核范围；项目业务内容仍按项目数据权限,仍受数据范围、对象状态和接口鉴权约束
RPM-R3-0509,ROLE-MODEL-REVIEWER,TERM-PER-009,BUSINESS_TERMINAL_VIEW,DENIED,平台级模型版本审核范围；项目业务内容仍按项目数据权限,仍受数据范围、对象状态和接口鉴权约束
RPM-R3-0510,ROLE-MODEL-REVIEWER,TERM-PER-010,BUSINESS_TERMINAL_CREATE,DENIED,平台级模型版本审核范围；项目业务内容仍按项目数据权限,仍受数据范围、对象状态和接口鉴权约束
RPM-R3-0511,ROLE-MODEL-REVIEWER,TERM-PER-011,BUSINESS_TERMINAL_EDIT,DENIED,平台级模型版本审核范围；项目业务内容仍按项目数据权限,仍受数据范围、对象状态和接口鉴权约束
RPM-R3-0512,ROLE-MODEL-REVIEWER,TERM-PER-012,BUSINESS_TERMINAL_ARCHIVE,DENIED,平台级模型版本审核范围；项目业务内容仍按项目数据权限,仍受数据范围、对象状态和接口鉴权约束
RPM-R3-0513,ROLE-MODEL-REVIEWER,TERM-PER-013,CASE_SUITE_VIEW,DENIED,平台级模型版本审核范围；项目业务内容仍按项目数据权限,仍受数据范围、对象状态和接口鉴权约束
RPM-R3-0514,ROLE-MODEL-REVIEWER,TERM-PER-014,CASE_SUITE_CREATE,DENIED,平台级模型版本审核范围；项目业务内容仍按项目数据权限,仍受数据范围、对象状态和接口鉴权约束
RPM-R3-0515,ROLE-MODEL-REVIEWER,TERM-PER-015,CASE_SUITE_EDIT,DENIED,平台级模型版本审核范围；项目业务内容仍按项目数据权限,仍受数据范围、对象状态和接口鉴权约束
RPM-R3-0516,ROLE-MODEL-REVIEWER,TERM-PER-016,RUN_TASK_CREATE,DENIED,平台级模型版本审核范围；项目业务内容仍按项目数据权限,仍受数据范围、对象状态和接口鉴权约束
RPM-R3-0517,ROLE-MODEL-REVIEWER,TERM-PER-017,RUN_TASK_CANCEL,DENIED,平台级模型版本审核范围；项目业务内容仍按项目数据权限,仍受数据范围、对象状态和接口鉴权约束
RPM-R3-0518,ROLE-MODEL-REVIEWER,TERM-PER-018,REPORT_VIEW,DENIED,平台级模型版本审核范围；项目业务内容仍按项目数据权限,仍受数据范围、对象状态和接口鉴权约束
RPM-R3-0519,ROLE-MODEL-REVIEWER,TERM-PER-019,ARTIFACT_DOWNLOAD,DENIED,平台级模型版本审核范围；项目业务内容仍按项目数据权限,仍受数据范围、对象状态和接口鉴权约束
RPM-R3-0520,ROLE-MODEL-REVIEWER,TERM-PER-020,AUDIT_VIEW,ALLOWED,平台级模型版本审核范围；项目业务内容仍按项目数据权限,仍受数据范围、对象状态和接口鉴权约束
RPM-R3-0521,ROLE-MODEL-REVIEWER,TERM-PER-021,USER_CREATE,DENIED,平台级模型版本审核范围；项目业务内容仍按项目数据权限,仍受数据范围、对象状态和接口鉴权约束
RPM-R3-0522,ROLE-MODEL-REVIEWER,TERM-PER-022,ROLE_BIND,DENIED,平台级模型版本审核范围；项目业务内容仍按项目数据权限,仍受数据范围、对象状态和接口鉴权约束
RPM-R3-0523,ROLE-MODEL-REVIEWER,TERM-PER-023,PROJECT_MEMBER_MANAGE,DENIED,平台级模型版本审核范围；项目业务内容仍按项目数据权限,仍受数据范围、对象状态和接口鉴权约束
RPM-R3-0524,ROLE-MODEL-REVIEWER,TERM-PER-024,AI_TASK_CREATE,DENIED,平台级模型版本审核范围；项目业务内容仍按项目数据权限,仍受数据范围、对象状态和接口鉴权约束
RPM-R3-0525,ROLE-MODEL-REVIEWER,TERM-PER-025,MANUAL_RECORDING_CREATE,DENIED,平台级模型版本审核范围；项目业务内容仍按项目数据权限,仍受数据范围、对象状态和接口鉴权约束
RPM-R3-0526,ROLE-MODEL-REVIEWER,TERM-PER-026,CONTROL_SELF,DENIED,平台级模型版本审核范围；项目业务内容仍按项目数据权限,仍受数据范围、对象状态和接口鉴权约束
RPM-R3-0527,ROLE-MODEL-REVIEWER,TERM-PER-027,PROJECT_OWNER_ELIGIBLE,DENIED,平台级模型版本审核范围；项目业务内容仍按项目数据权限,仍受数据范围、对象状态和接口鉴权约束
RPM-R3-0528,ROLE-MODEL-REVIEWER,TERM-PER-028,NATURAL_CASE_CREATE,DENIED,平台级模型版本审核范围；项目业务内容仍按项目数据权限,仍受数据范围、对象状态和接口鉴权约束
RPM-R3-0529,ROLE-MODEL-REVIEWER,TERM-PER-029,MANUAL_RECORDING_VIEW,DENIED,平台级模型版本审核范围；项目业务内容仍按项目数据权限,仍受数据范围、对象状态和接口鉴权约束
RPM-R3-0530,ROLE-MODEL-REVIEWER,TERM-PER-030,RUNNER_REGISTER,DENIED,平台级模型版本审核范围；项目业务内容仍按项目数据权限,仍受数据范围、对象状态和接口鉴权约束
RPM-R3-0531,ROLE-MODEL-REVIEWER,TERM-PER-031,RUNNER_BIND,DENIED,平台级模型版本审核范围；项目业务内容仍按项目数据权限,仍受数据范围、对象状态和接口鉴权约束
RPM-R3-0532,ROLE-MODEL-REVIEWER,TERM-PER-032,MODEL_CONFIGURATION_MANAGE,DENIED,平台级模型版本审核范围；项目业务内容仍按项目数据权限,仍受数据范围、对象状态和接口鉴权约束
RPM-R3-0533,ROLE-MODEL-REVIEWER,TERM-PER-033,MODEL_VERSION_REVIEW,ALLOWED,平台级模型版本审核范围；项目业务内容仍按项目数据权限,仍受数据范围、对象状态和接口鉴权约束
RPM-R3-0534,ROLE-MODEL-REVIEWER,TERM-PER-034,CROSS_PROJECT_AUTHORIZATION_MANAGE,DENIED,平台级模型版本审核范围；项目业务内容仍按项目数据权限,仍受数据范围、对象状态和接口鉴权约束
RPM-R3-0535,ROLE-MODEL-REVIEWER,TERM-PER-035,CROSS_PROJECT_AUTHORIZATION_GRANT_ALL,DENIED,平台级模型版本审核范围；项目业务内容仍按项目数据权限,仍受数据范围、对象状态和接口鉴权约束
RPM-R3-0536,ROLE-MODEL-REVIEWER,TERM-PER-036,TOOL_INTEGRATION_INCIDENT_MANAGE,DENIED,平台级模型版本审核范围；项目业务内容仍按项目数据权限,仍受数据范围、对象状态和接口鉴权约束
RPM-R3-0537,ROLE-MODEL-REVIEWER,TERM-PER-037,TECHNICAL_ALERT_ENDPOINT_MANAGE,DENIED,平台级模型版本审核范围；项目业务内容仍按项目数据权限,仍受数据范围、对象状态和接口鉴权约束
RPM-R3-0538,ROLE-MODEL-REVIEWER,TERM-PER-038,VERSION_REVIEW_VIEW,ALLOWED,平台级模型版本审核范围；项目业务内容仍按项目数据权限,提交人不得批准本人提交；高风险操作必须审计
RPM-R3-0539,ROLE-MODEL-REVIEWER,TERM-PER-039,TEST_REPORT_VIEW,DENIED,平台级模型版本审核范围；项目业务内容仍按项目数据权限,仍受数据范围、对象状态和接口鉴权约束
RPM-R3-0540,ROLE-MODEL-REVIEWER,TERM-PER-040,TEST_ARTIFACT_VIEW,DENIED,平台级模型版本审核范围；项目业务内容仍按项目数据权限,仍受数据范围、对象状态和接口鉴权约束
RPM-R3-0541,ROLE-MODEL-REVIEWER,TERM-PER-041,REPORT_SHARE_VIEW,DENIED,平台级模型版本审核范围；项目业务内容仍按项目数据权限,仍受数据范围、对象状态和接口鉴权约束
RPM-R3-0542,ROLE-MODEL-REVIEWER,TERM-PER-042,MANUAL_RECORDING_TASK_VIEW,DENIED,平台级模型版本审核范围；项目业务内容仍按项目数据权限,仍受数据范围、对象状态和接口鉴权约束
RPM-R3-0543,ROLE-MODEL-REVIEWER,PDBR-PER-001,REPORT_EXPORT,DENIED,平台级模型版本审核范围；项目业务内容仍按项目数据权限,仍受数据范围、对象状态和接口鉴权约束
RPM-R3-0544,ROLE-MODEL-REVIEWER,PDBR-PER-002,REPORT_SHARE,DENIED,平台级模型版本审核范围；项目业务内容仍按项目数据权限,仍受数据范围、对象状态和接口鉴权约束
RPM-R3-0545,ROLE-MODEL-REVIEWER,PDBR-PER-003,SENSITIVE_ARTIFACT_VIEW,DENIED,平台级模型版本审核范围；项目业务内容仍按项目数据权限,仍受数据范围、对象状态和接口鉴权约束
RPM-R3-0546,ROLE-MODEL-REVIEWER,PDBR-PER-004,VERSION_REVIEW_SUBMIT,DENIED,平台级模型版本审核范围；项目业务内容仍按项目数据权限,提交人不得批准本人提交；高风险操作必须审计
RPM-R3-0547,ROLE-MODEL-REVIEWER,PDBR-PER-005,VERSION_REVIEW_APPROVE,DENIED,平台级模型版本审核范围；项目业务内容仍按项目数据权限,提交人不得批准本人提交；高风险操作必须审计
RPM-R3-0548,ROLE-MODEL-REVIEWER,PDBR-PER-006,VERSION_REVIEW_REJECT,DENIED,平台级模型版本审核范围；项目业务内容仍按项目数据权限,提交人不得批准本人提交；高风险操作必须审计
RPM-R3-0549,ROLE-MODEL-REVIEWER,PDBR-PER-007,VERSION_PUBLISH,DENIED,平台级模型版本审核范围；项目业务内容仍按项目数据权限,提交人不得批准本人提交；高风险操作必须审计
RPM-R3-0550,ROLE-MODEL-REVIEWER,PDBR-PER-008,VERSION_REVIEW_WITHDRAW,DENIED,平台级模型版本审核范围；项目业务内容仍按项目数据权限,提交人不得批准本人提交；高风险操作必须审计
RPM-R3-0551,ROLE-PROJECT-OWNER-DUTY,TERM-PER-001,PROJECT_VIEW,ALLOWED,负责项目七个子范围active=ALL、history=ALL,仍受数据范围、对象状态和接口鉴权约束
RPM-R3-0552,ROLE-PROJECT-OWNER-DUTY,TERM-PER-002,PROJECT_CREATE,DENIED,负责项目七个子范围active=ALL、history=ALL,仍受数据范围、对象状态和接口鉴权约束
RPM-R3-0553,ROLE-PROJECT-OWNER-DUTY,TERM-PER-003,PROJECT_EDIT,ALLOWED,负责项目七个子范围active=ALL、history=ALL,仍受数据范围、对象状态和接口鉴权约束
RPM-R3-0554,ROLE-PROJECT-OWNER-DUTY,TERM-PER-004,PROJECT_ARCHIVE,ALLOWED,负责项目七个子范围active=ALL、history=ALL,仍受数据范围、对象状态和接口鉴权约束
RPM-R3-0555,ROLE-PROJECT-OWNER-DUTY,TERM-PER-005,BUSINESS_MODULE_VIEW,ALLOWED,负责项目七个子范围active=ALL、history=ALL,仍受数据范围、对象状态和接口鉴权约束
RPM-R3-0556,ROLE-PROJECT-OWNER-DUTY,TERM-PER-006,BUSINESS_MODULE_CREATE,ALLOWED,负责项目七个子范围active=ALL、history=ALL,仍受数据范围、对象状态和接口鉴权约束
RPM-R3-0557,ROLE-PROJECT-OWNER-DUTY,TERM-PER-007,BUSINESS_MODULE_EDIT,ALLOWED,负责项目七个子范围active=ALL、history=ALL,仍受数据范围、对象状态和接口鉴权约束
RPM-R3-0558,ROLE-PROJECT-OWNER-DUTY,TERM-PER-008,BUSINESS_MODULE_ARCHIVE,ALLOWED,负责项目七个子范围active=ALL、history=ALL,仍受数据范围、对象状态和接口鉴权约束
RPM-R3-0559,ROLE-PROJECT-OWNER-DUTY,TERM-PER-009,BUSINESS_TERMINAL_VIEW,ALLOWED,负责项目七个子范围active=ALL、history=ALL,仍受数据范围、对象状态和接口鉴权约束
RPM-R3-0560,ROLE-PROJECT-OWNER-DUTY,TERM-PER-010,BUSINESS_TERMINAL_CREATE,ALLOWED,负责项目七个子范围active=ALL、history=ALL,仍受数据范围、对象状态和接口鉴权约束
RPM-R3-0561,ROLE-PROJECT-OWNER-DUTY,TERM-PER-011,BUSINESS_TERMINAL_EDIT,ALLOWED,负责项目七个子范围active=ALL、history=ALL,仍受数据范围、对象状态和接口鉴权约束
RPM-R3-0562,ROLE-PROJECT-OWNER-DUTY,TERM-PER-012,BUSINESS_TERMINAL_ARCHIVE,ALLOWED,负责项目七个子范围active=ALL、history=ALL,仍受数据范围、对象状态和接口鉴权约束
RPM-R3-0563,ROLE-PROJECT-OWNER-DUTY,TERM-PER-013,CASE_SUITE_VIEW,ALLOWED,负责项目七个子范围active=ALL、history=ALL,仍受数据范围、对象状态和接口鉴权约束
RPM-R3-0564,ROLE-PROJECT-OWNER-DUTY,TERM-PER-014,CASE_SUITE_CREATE,ALLOWED,负责项目七个子范围active=ALL、history=ALL,仍受数据范围、对象状态和接口鉴权约束
RPM-R3-0565,ROLE-PROJECT-OWNER-DUTY,TERM-PER-015,CASE_SUITE_EDIT,ALLOWED,负责项目七个子范围active=ALL、history=ALL,仍受数据范围、对象状态和接口鉴权约束
RPM-R3-0566,ROLE-PROJECT-OWNER-DUTY,TERM-PER-016,RUN_TASK_CREATE,ALLOWED,负责项目七个子范围active=ALL、history=ALL,仍受数据范围、对象状态和接口鉴权约束
RPM-R3-0567,ROLE-PROJECT-OWNER-DUTY,TERM-PER-017,RUN_TASK_CANCEL,ALLOWED,负责项目七个子范围active=ALL、history=ALL,仍受数据范围、对象状态和接口鉴权约束
RPM-R3-0568,ROLE-PROJECT-OWNER-DUTY,TERM-PER-018,REPORT_VIEW,ALLOWED,负责项目七个子范围active=ALL、history=ALL,仍受数据范围、对象状态和接口鉴权约束
RPM-R3-0569,ROLE-PROJECT-OWNER-DUTY,TERM-PER-019,ARTIFACT_DOWNLOAD,ALLOWED,负责项目七个子范围active=ALL、history=ALL,仍受数据范围、对象状态和接口鉴权约束
RPM-R3-0570,ROLE-PROJECT-OWNER-DUTY,TERM-PER-020,AUDIT_VIEW,DENIED,负责项目七个子范围active=ALL、history=ALL,仍受数据范围、对象状态和接口鉴权约束
RPM-R3-0571,ROLE-PROJECT-OWNER-DUTY,TERM-PER-021,USER_CREATE,DENIED,负责项目七个子范围active=ALL、history=ALL,仍受数据范围、对象状态和接口鉴权约束
RPM-R3-0572,ROLE-PROJECT-OWNER-DUTY,TERM-PER-022,ROLE_BIND,DENIED,负责项目七个子范围active=ALL、history=ALL,仍受数据范围、对象状态和接口鉴权约束
RPM-R3-0573,ROLE-PROJECT-OWNER-DUTY,TERM-PER-023,PROJECT_MEMBER_MANAGE,ALLOWED,负责项目七个子范围active=ALL、history=ALL,仍受数据范围、对象状态和接口鉴权约束
RPM-R3-0574,ROLE-PROJECT-OWNER-DUTY,TERM-PER-024,AI_TASK_CREATE,ALLOWED,负责项目七个子范围active=ALL、history=ALL,仍受数据范围、对象状态和接口鉴权约束
RPM-R3-0575,ROLE-PROJECT-OWNER-DUTY,TERM-PER-025,MANUAL_RECORDING_CREATE,ALLOWED,负责项目七个子范围active=ALL、history=ALL,仍受数据范围、对象状态和接口鉴权约束
RPM-R3-0576,ROLE-PROJECT-OWNER-DUTY,TERM-PER-026,CONTROL_SELF,ALLOWED,负责项目七个子范围active=ALL、history=ALL,仍受数据范围、对象状态和接口鉴权约束
RPM-R3-0577,ROLE-PROJECT-OWNER-DUTY,TERM-PER-027,PROJECT_OWNER_ELIGIBLE,ALLOWED,负责项目七个子范围active=ALL、history=ALL,仍受数据范围、对象状态和接口鉴权约束
RPM-R3-0578,ROLE-PROJECT-OWNER-DUTY,TERM-PER-028,NATURAL_CASE_CREATE,ALLOWED,负责项目七个子范围active=ALL、history=ALL,仍受数据范围、对象状态和接口鉴权约束
RPM-R3-0579,ROLE-PROJECT-OWNER-DUTY,TERM-PER-029,MANUAL_RECORDING_VIEW,ALLOWED,负责项目七个子范围active=ALL、history=ALL,仍受数据范围、对象状态和接口鉴权约束
RPM-R3-0580,ROLE-PROJECT-OWNER-DUTY,TERM-PER-030,RUNNER_REGISTER,DENIED,负责项目七个子范围active=ALL、history=ALL,仍受数据范围、对象状态和接口鉴权约束
RPM-R3-0581,ROLE-PROJECT-OWNER-DUTY,TERM-PER-031,RUNNER_BIND,DENIED,负责项目七个子范围active=ALL、history=ALL,仍受数据范围、对象状态和接口鉴权约束
RPM-R3-0582,ROLE-PROJECT-OWNER-DUTY,TERM-PER-032,MODEL_CONFIGURATION_MANAGE,DENIED,负责项目七个子范围active=ALL、history=ALL,仍受数据范围、对象状态和接口鉴权约束
RPM-R3-0583,ROLE-PROJECT-OWNER-DUTY,TERM-PER-033,MODEL_VERSION_REVIEW,DENIED,负责项目七个子范围active=ALL、history=ALL,仍受数据范围、对象状态和接口鉴权约束
RPM-R3-0584,ROLE-PROJECT-OWNER-DUTY,TERM-PER-034,CROSS_PROJECT_AUTHORIZATION_MANAGE,DENIED,负责项目七个子范围active=ALL、history=ALL,仍受数据范围、对象状态和接口鉴权约束
RPM-R3-0585,ROLE-PROJECT-OWNER-DUTY,TERM-PER-035,CROSS_PROJECT_AUTHORIZATION_GRANT_ALL,DENIED,负责项目七个子范围active=ALL、history=ALL,仍受数据范围、对象状态和接口鉴权约束
RPM-R3-0586,ROLE-PROJECT-OWNER-DUTY,TERM-PER-036,TOOL_INTEGRATION_INCIDENT_MANAGE,DENIED,负责项目七个子范围active=ALL、history=ALL,仍受数据范围、对象状态和接口鉴权约束
RPM-R3-0587,ROLE-PROJECT-OWNER-DUTY,TERM-PER-037,TECHNICAL_ALERT_ENDPOINT_MANAGE,DENIED,负责项目七个子范围active=ALL、history=ALL,仍受数据范围、对象状态和接口鉴权约束
RPM-R3-0588,ROLE-PROJECT-OWNER-DUTY,TERM-PER-038,VERSION_REVIEW_VIEW,ALLOWED,负责项目七个子范围active=ALL、history=ALL,提交人不得批准本人提交；高风险操作必须审计
RPM-R3-0589,ROLE-PROJECT-OWNER-DUTY,TERM-PER-039,TEST_REPORT_VIEW,ALLOWED,负责项目七个子范围active=ALL、history=ALL,仍受数据范围、对象状态和接口鉴权约束
RPM-R3-0590,ROLE-PROJECT-OWNER-DUTY,TERM-PER-040,TEST_ARTIFACT_VIEW,ALLOWED,负责项目七个子范围active=ALL、history=ALL,仍受数据范围、对象状态和接口鉴权约束
RPM-R3-0591,ROLE-PROJECT-OWNER-DUTY,TERM-PER-041,REPORT_SHARE_VIEW,DENIED,负责项目七个子范围active=ALL、history=ALL,仍受数据范围、对象状态和接口鉴权约束
RPM-R3-0592,ROLE-PROJECT-OWNER-DUTY,TERM-PER-042,MANUAL_RECORDING_TASK_VIEW,ALLOWED,负责项目七个子范围active=ALL、history=ALL,仍受数据范围、对象状态和接口鉴权约束
RPM-R3-0593,ROLE-PROJECT-OWNER-DUTY,PDBR-PER-001,REPORT_EXPORT,DENIED,负责项目七个子范围active=ALL、history=ALL,仍受数据范围、对象状态和接口鉴权约束
RPM-R3-0594,ROLE-PROJECT-OWNER-DUTY,PDBR-PER-002,REPORT_SHARE,DENIED,负责项目七个子范围active=ALL、history=ALL,仍受数据范围、对象状态和接口鉴权约束
RPM-R3-0595,ROLE-PROJECT-OWNER-DUTY,PDBR-PER-003,SENSITIVE_ARTIFACT_VIEW,DENIED,负责项目七个子范围active=ALL、history=ALL,仍受数据范围、对象状态和接口鉴权约束
RPM-R3-0596,ROLE-PROJECT-OWNER-DUTY,PDBR-PER-004,VERSION_REVIEW_SUBMIT,DENIED,负责项目七个子范围active=ALL、history=ALL,提交人不得批准本人提交；高风险操作必须审计
RPM-R3-0597,ROLE-PROJECT-OWNER-DUTY,PDBR-PER-005,VERSION_REVIEW_APPROVE,DENIED,负责项目七个子范围active=ALL、history=ALL,提交人不得批准本人提交；高风险操作必须审计
RPM-R3-0598,ROLE-PROJECT-OWNER-DUTY,PDBR-PER-006,VERSION_REVIEW_REJECT,DENIED,负责项目七个子范围active=ALL、history=ALL,提交人不得批准本人提交；高风险操作必须审计
RPM-R3-0599,ROLE-PROJECT-OWNER-DUTY,PDBR-PER-007,VERSION_PUBLISH,DENIED,负责项目七个子范围active=ALL、history=ALL,提交人不得批准本人提交；高风险操作必须审计
RPM-R3-0600,ROLE-PROJECT-OWNER-DUTY,PDBR-PER-008,VERSION_REVIEW_WITHDRAW,DENIED,负责项目七个子范围active=ALL、history=ALL,提交人不得批准本人提交；高风险操作必须审计
